cdk,district_name,year,geometry_ref,area_sqkm
AR_tirapf_1951,Tirap Frontier Division,1961,AR_tirapf_1951_geometry,0.0
RJ_kotah_1951,Kotah,1951,RJ_kotah_1951_geometry,0.0
UK_garhwa_1951,Garhwal,1951,UK_garhwa_1951_geometry,0.0
MH_solapu_1981,Solapur,1981,MH_solapu_1981_geometry,0.0
ML_northg_2024,North Garo Hills,2024,ML_northg_2024_geometry,0.0
UP_etawah_1991,Etawah,1991,UP_etawah_1991_geometry,0.0
AR_westka_1981,West Kameng,1981,AR_westka_1981_geometry,0.0
HR_guruga_1951,Gurgaon,1971,HR_guruga_1951_geometry,0.0
KL_kollam_1951,Quilon,1951,KL_kollam_1951_geometry,0.0
AP_palnad_2024,Palnadu,2024,AP_palnad_2024_geometry,0.0
UP_hathra_2001,Mahamaya Nagar,2011,UP_hathra_2001_geometry,0.0
AS_hojai_2024,Hojai,2024,AS_hojai_2024_geometry,0.0
AR_kameng_1961,Kameng Frontier,1961,AR_kameng_1961_geometry,0.0
WB_dakshi_1991,West Dinajpur,1991,WB_dakshi_1991_geometry,0.0
BR_patna_1971,Patna,1971,BR_patna_1971_geometry,0.0
AP_chitto_2011,Chittoor,2011,AP_chitto_2011_geometry,0.0
MN_manipu_1951,Manipur,1961,MN_manipu_1951_geometry,0.0
JH_palamu_1971,Palamu,1981,JH_palamu_1971_geometry,0.0
NL_longle_2011,Longleng,2011,NL_longle_2011_geometry,0.0
AR_longdi_2024,Longding,2024,AR_longdi_2024_geometry,0.0
TR_tripur_1951,Tripura,1961,TR_tripur_1951_geometry,0.0
SK_westdi_1981,West District,1981,SK_westdi_1981_geometry,0.0
NL_kohima_1951,Kohima,1971,NL_kohima_1951_geometry,0.0
TG_khamma_1961,Khammam,2011,TG_khamma_1961_geometry,0.0
UP_aligar_1991,Aligarh,1991,UP_aligar_1991_geometry,0.0
KL_kannur_1961,Kannur,1991,KL_kannur_1961_geometry,0.0
DL_northe_2001,North East,2001,DL_northe_2001_geometry,0.0
NL_mokokc_1961,Mokokchung,1971,NL_mokokc_1961_geometry,0.0
MH_akola_1991,Akola,1991,MH_akola_1991_geometry,0.0
BR_nawada_1981,Nawada,2001,BR_nawada_1981_geometry,0.0
WB_alipur_2024,Alipurduar,2024,WB_alipur_2024_geometry,0.0
NC_southw_2001,South West,2001,NC_southw_2001_geometry,0.0
AR_eastka_1981,East Kameng,1981,AR_eastka_1981_geometry,0.0
UP_bhadoh_2001,Bhadohi,2024,UP_bhadoh_2001_geometry,0.0
MH_gadchi_1991,Gadchiroli,1991,MH_gadchi_1991_geometry,0.0
TN_sivaga_2001,Sivaganga,2001,TN_sivaga_2001_geometry,0.0
AR_lohitf_1961,Lohit Frontier Division,1961,AR_lohitf_1961_geometry,0.0
KA_tumaku_2011,Tumkur,2011,KA_tumaku_2011_geometry,0.0
MN_tengno_1951,Tengnoupal,2024,MN_tengno_1951_geometry,0.0
HR_palwal_2011,Palwal,2011,HR_palwal_2011_geometry,0.0
TG_jogula_2024,Jogulamba Gadwal,2024,TG_jogula_2024_geometry,0.0
SK_west_2001,West,2011,SK_west_2001_geometry,0.0
MP_khargo_1961,West Nimar,1961,MP_khargo_1961_geometry,0.0
TG_rangar_1981,Rangareddi,2001,TG_rangar_1981_geometry,0.0
MN_manipu_1951,Manipur Central,1971,MN_manipu_1951_geometry,0.0
CG_jashpu_2001,Jashpur,2001,CG_jashpu_2001_geometry,0.0
KA_mysuru_1991,Mysore,1991,KA_mysuru_1991_geometry,0.0
PB_faridk_1981,Faridkot,1981,PB_faridk_1981_geometry,0.0
MZ_serchh_2001,Serchhip,2001,MZ_serchh_2001_geometry,0.0
HP_kohist_1951,Kohistan,1951,HP_kohist_1951_geometry,0.0
KL_kottay_1951,Kottayam,1971,KL_kottay_1951_geometry,0.0
KA_belgau_2011,Belgaum,2011,KA_belgau_2011_geometry,0.0
AS_dhubri_2011,Dhubri,2011,AS_dhubri_2011_geometry,0.0
AR_dibang_1981,Dibang Valley,2001,AR_dibang_1981_geometry,0.0
AS_dhubur_1991,Dhuburi,2001,AS_dhubur_1991_geometry,0.0
UP_sonbha_1991,Sonbhadra,1991,UP_sonbha_1991_geometry,0.0
TN_chenga_1951,Chengalpattu,2024,TN_chenga_1951_geometry,0.0
KA_bangal_1981,Bangalore,1981,KA_bangal_1981_geometry,0.0
UP_hamirp_1991,Hamirpur,1991,UP_hamirp_1991_geometry,0.0
BR_gopalg_1981,Gopalganj,1981,BR_gopalg_1981_geometry,0.0
AP_sripot_1971,Nellore,1971,AP_sripot_1971_geometry,0.0
TN_nilgir_1951,Nilgiri,1981,TN_nilgir_1951_geometry,0.0
TN_vilupp_2001,Viluppuram,2011,TN_vilupp_2001_geometry,0.0
UK_dehrad_1991,Dehradun,2001,UK_dehrad_1991_geometry,0.0
RJ_sawaim_1951,Sawai Madhopur,1961,RJ_sawaim_1951_geometry,0.0
MP_aliraj_2011,Alirajpur,2011,MP_aliraj_2011_geometry,0.0
MH_sangli_1961,Sangli,1961,MH_sangli_1961_geometry,0.0
OD_balang_1981,Balangir,1991,OD_balang_1981_geometry,0.0
TN_kanniy_1961,Kanniyakumari,1971,TN_kanniy_1961_geometry,0.0
JH_dumka_1991,Dumka,2001,JH_dumka_1991_geometry,0.0
OD_rayaga_2001,Rayagada,2001,OD_rayaga_2001_geometry,0.0
GJ_mahesa_1961,Mehsana,1961,GJ_mahesa_1961_geometry,0.0
PB_hoshia_1961,Hoshiarpur,1961,PB_hoshia_1961_geometry,0.0
GJ_morbi_2024,Morbi,2024,GJ_morbi_2024_geometry,0.0
AN_nicoba_1981,Nicobars,1991,AN_nicoba_1981_geometry,0.0
OD_jagats_2001,Jagatsinghapur,2001,OD_jagats_2001_geometry,0.0
GJ_devbhu_2024,Devbhumi Dwarka,2024,GJ_devbhu_2024_geometry,0.0
GJ_sabark_1961,Sabar Kantha,1971,GJ_sabark_1961_geometry,0.0
TN_tirupp_2011,Tiruppur,2011,TN_tirupp_2011_geometry,0.0
UP_morada_1991,Moradabad,2011,UP_morada_1991_geometry,0.0
ML_ribhoi_2001,Ri Bhoi,2001,ML_ribhoi_2001_geometry,0.0
JK_jammua_1951,Jammu and Kashmir,1951,JK_jammua_1951_geometry,0.0
TN_dharma_1971,Dharmapuri,1971,TN_dharma_1971_geometry,0.0
MP_shajap_2011,Shajapur,2011,MP_shajap_2011_geometry,0.0
AR_namsai_2024,Namsai,2024,AR_namsai_2024_geometry,0.0
KA_bengal_2024,Bengaluru South,2024,KA_bengal_2024_geometry,0.0
KA_dharwa_1971,Dharwar,1971,KA_dharwa_1971_geometry,0.0
WB_hooghl_1971,Hooghly,1971,WB_hooghl_1971_geometry,0.0
JH_purbis_1991,Purbi Singhbhum,1991,JH_purbis_1991_geometry,0.0
CG_bemeta_2024,Bemetara,2024,CG_bemeta_2024_geometry,0.0
GJ_centra_1951,Central Saurashtra,1951,GJ_centra_1951_geometry,0.0
LD_laksha_1971,Lakshadweep,1981,LD_laksha_1971_geometry,0.0
HP_sirmur_1951,Sirmaur,1971,HP_sirmur_1951_geometry,0.0
GJ_thedan_1971,The Dangs,1971,GJ_thedan_1971_geometry,0.0
GJ_banask_1961,Banas Kantha,1971,GJ_banask_1961_geometry,0.0
BR_rohtas_1981,Rohtas,1991,BR_rohtas_1981_geometry,0.0
UK_dehrad_1991,Dehra Dun,1991,UK_dehrad_1991_geometry,0.0
GJ_bhavna_1951,Gohilwad,1951,GJ_bhavna_1951_geometry,0.0
PB_mansa_2001,Mansa,2001,PB_mansa_2001_geometry,0.0
WB_haora_1971,Haora,1981,WB_haora_1971_geometry,0.0
JK_kathua_1961,Kathua,1961,JK_kathua_1961_geometry,0.0
AS_nowgon_1971,Nowgong,1971,AS_nowgon_1971_geometry,0.0
KA_uttark_1951,Uttar Kannad,1981,KA_uttark_1951_geometry,0.0
MP_jhabua_2001,Jhabua,2001,MP_jhabua_2001_geometry,0.0
TR_southt_1971,South Tripura,2011,TR_southt_1971_geometry,0.0
KA_haveri_2001,Haveri,2001,KA_haveri_2001_geometry,0.0
NL_mokokc_1961,Mokokchung,1961,NL_mokokc_1961_geometry,0.0
CG_kondag_2024,Kondagaon,2024,CG_kondag_2024_geometry,0.0
UP_etawah_1991,Etawah',2001,UP_etawah_1991_geometry,0.0
MH_bid_1981,Bid,1981,MH_bid_1981_geometry,0.0
MP_khargo_1961,West Nimar,1991,MP_khargo_1961_geometry,0.0
TN_coimba_1951,Coimbatore,1971,TN_coimba_1951_geometry,0.0
MP_ashokn_2011,Ashoknagar,2011,MP_ashokn_2011_geometry,0.0
TN_tiruva_1991,Tiruvannamalai Sambuvarayar,1991,TN_tiruva_1991_geometry,0.0
HR_charkh_2024,Charkhi Dadri,2024,HR_charkh_2024_geometry,0.0
JH_psingh_1981,Pashchimi Singhbhum,2001,JH_psingh_1981_geometry,0.0
TN_kanniy_1961,Kanyakumari,1961,TN_kanniy_1961_geometry,0.0
HP_kangra_1951,Kangra,1961,HP_kangra_1951_geometry,0.0
UP_bahrai_1991,Bahraich,1991,UP_bahrai_1991_geometry,0.0
TG_peddap_2024,Peddapalli,2024,TG_peddap_2024_geometry,0.0
UK_uttark_1961,Uttar Kashi,1991,UK_uttark_1961_geometry,0.0
SK_soreng_2024,Soreng,2024,SK_soreng_2024_geometry,0.0
TG_nizama_2011,Nizamabad,2011,TG_nizama_2011_geometry,0.0
JH_sahibg_1991,Sahibganj,1991,JH_sahibg_1991_geometry,0.0
HP_kulu_1971,Kulu,1971,HP_kulu_1971_geometry,0.0
NL_tuensa_1951,Tuensang,1971,NL_tuensa_1951_geometry,0.0
MZ_lungle_1981,Lunglei,2011,MZ_lungle_1981_geometry,0.0
AS_darran_1981,Darrang,2001,AS_darran_1981_geometry,0.0
JK_bandip_2011,Bandipore,2011,JK_bandip_2011_geometry,0.0
HR_yamuna_1991,Yamunanagar,1991,HR_yamuna_1991_geometry,0.0
AR_kradaa_2024,Kra Daadi,2024,AR_kradaa_2024_geometry,0.0
PB_rupnag_1981,Rupnagar,1981,PB_rupnag_1981_geometry,0.0
GJ_tapi_2011,Tapi,2011,GJ_tapi_2011_geometry,0.0
MN_tameng_1991,Tamenglong,2011,MN_tameng_1991_geometry,0.0
WB_purbam_2011,Purba Medinipur,2011,WB_purbam_2011_geometry,0.0
AR_tirap_1971,Tirap,1971,AR_tirap_1971_geometry,0.0
KL_idukki_1981,Idukki,1981,KL_idukki_1981_geometry,0.0
PB_hoshia_1961,Hoshiarpur,1991,PB_hoshia_1961_geometry,0.0
LD_laksha_1971,"Laccadive, Minicoy and Amindivi Islands",1971,LD_laksha_1971_geometry,0.0
GJ_rajkot_1961,Rajkot,2011,GJ_rajkot_1961_geometry,0.0
HR_farida_1981,Faridabad,1981,HR_farida_1981_geometry,0.0
WB_kalimp_2024,Kalimpong,2024,WB_kalimp_2024_geometry,0.0
TN_tiruch_1971,Tiruchchirappalli,1991,TN_tiruch_1971_geometry,0.0
NC_delhi_1991,Delhi,1991,NC_delhi_1991_geometry,0.0
MZ_aizawl_1981,Aizawl,2011,MZ_aizawl_1981_geometry,0.0
OD_balang_1981,Balangir,1981,OD_balang_1981_geometry,0.0
MH_thane_1971,Thane,1981,MH_thane_1971_geometry,0.0
MP_khargo_1961,West Nimar,1981,MP_khargo_1961_geometry,0.0
AR_lowers_1981,Lower Subansiri,1981,AR_lowers_1981_geometry,0.0
OD_nayaga_2001,Nayagarh,2001,OD_nayaga_2001_geometry,0.0
GJ_vadoda_1971,Vadodara,2011,GJ_vadoda_1971_geometry,0.0
UP_ayodhy_1991,Ayodhya,2024,UP_ayodhy_1991_geometry,0.0
RJ_chitto_1951,Chittaurgarh,1971,RJ_chitto_1951_geometry,0.0
ML_eastja_2024,East Jaintia Hills,2024,ML_eastja_2024_geometry,0.0
PB_sangru_1951,Sangrur,1961,PB_sangru_1951_geometry,0.0
UP_mau_1991,Mau,1991,UP_mau_1991_geometry,0.0
MH_jalgao_1951,Jalgaon,1961,MH_jalgao_1951_geometry,0.0
TR_northt_1971,North Tripura,2011,TR_northt_1971_geometry,0.0
TR_sipahi_2024,Sipahijala,2024,TR_sipahi_2024_geometry,0.0
MH_raigar_1981,Raigarh,1981,MH_raigar_1981_geometry,0.0
GJ_araval_2024,Aravalli,2024,GJ_araval_2024_geometry,0.0
BR_rohtas_1981,Rohtas,1981,BR_rohtas_1981_geometry,0.0
MN_tameng_1991,Tamenglong,1991,MN_tameng_1991_geometry,0.0
UP_buland_1971,Bulandshahr,1971,UP_buland_1971_geometry,0.0
KL_kozhik_1961,Kozhikode,1971,KL_kozhik_1961_geometry,0.0
ML_garohi_1971,Garo Hills,1971,ML_garohi_1971_geometry,0.0
MN_bishnu_1991,Bishnupur,1991,MN_bishnu_1991_geometry,0.0
BR_purnea_1971,Purnea,1971,BR_purnea_1971_geometry,0.0
TG_suryap_2024,Suryapet,2024,TG_suryap_2024_geometry,0.0
PB_fazilk_2024,Fazilka,2024,PB_fazilk_2024_geometry,0.0
AS_northc_1971,North Cachar Hills,2001,AS_northc_1971_geometry,0.0
AN_andama_1971,Andaman and Nicobar Islands,1971,AN_andama_1971_geometry,0.0
UP_shamli_2024,Shamli (Prabuddhanagar),2024,UP_shamli_2024_geometry,0.0
KA_vijaya_2024,Vijayanagara,2024,KA_vijaya_2024_geometry,0.0
TN_kallak_2024,Kallakurichi,2024,TN_kallak_2024_geometry,0.0
MP_shahdo_1991,Shahdol,1991,MP_shahdo_1991_geometry,0.0
KA_yadgir_2011,Yadgir,2011,KA_yadgir_2011_geometry,0.0
PB_moga_2001,Moga,2001,PB_moga_2001_geometry,0.0
MN_kamjon_2024,Kamjong,2024,MN_kamjon_2024_geometry,0.0
GJ_surat_1961,Surat,1961,GJ_surat_1961_geometry,0.0
HR_rohtak_1951,Rohtak,1971,HR_rohtak_1951_geometry,0.0
UP_ayodhy_1991,Faizabad,2011,UP_ayodhy_1991_geometry,0.0
MH_dhule_1951,Dhule,1981,MH_dhule_1951_geometry,0.0
MP_guna_1961,Guna,1961,MP_guna_1961_geometry,0.0
CG_balod_2024,Balod,2024,CG_balod_2024_geometry,0.0
OD_sonapu_2001,Sonapur,2001,OD_sonapu_2001_geometry,0.0
HR_sangru_1961,Sangrur,1961,HR_sangru_1961_geometry,0.0
TG_bhadra_2024,Bhadradri Kothagudem,2024,TG_bhadra_2024_geometry,0.0
OD_baudh_1951,Baudh Khondmals,1961,OD_baudh_1951_geometry,0.0
AS_dimaha_2011,Dima Hasao,2011,AS_dimaha_2011_geometry,0.0
PB_srimuk_2001,Sri Muktsar Sahib,2024,PB_srimuk_2001_geometry,0.0
KA_uttark_1951,North Kanara,1961,KA_uttark_1951_geometry,0.0
TN_thooth_2001,Toothukudi,2001,TN_thooth_2001_geometry,0.0
JK_rajour_2011,Rajouri,2011,JK_rajour_2011_geometry,0.0
TG_rangar_1981,Rangareddi,1981,TG_rangar_1981_geometry,0.0
MN_manipu_1951,Manipur South,1981,MN_manipu_1951_geometry,0.0
OD_gajapa_2001,Gajapati,2001,OD_gajapa_2001_geometry,0.0
NC_northe_2001,North East,2001,NC_northe_2001_geometry,0.0
BR_begusa_1981,Begusarai,1981,BR_begusa_1981_geometry,0.0
TG_mahabu_2024,Mahabubabad,2024,TG_mahabu_2024_geometry,0.0
AN_andama_1971,Andaman,1981,AN_andama_1971_geometry,0.0
AS_tamulp_2024,Tamulpur,2024,AS_tamulp_2024_geometry,0.0
MH_thane_1971,Thana,1971,MH_thane_1971_geometry,0.0
AS_sivasa_1981,Sivasagar,2011,AS_sivasa_1981_geometry,0.0
AN_nicoba_1981,Nicobar,2011,AN_nicoba_1981_geometry,0.0
MH_buldan_1951,Buldana,1981,MH_buldan_1951_geometry,0.0
AP_prakas_1981,Prakasam,1981,AP_prakas_1981_geometry,0.0
AS_sonitp_1991,Sonitpur,2011,AS_sonitp_1991_geometry,0.0
GJ_girsom_2024,Gir Somnath,2024,GJ_girsom_2024_geometry,0.0
TN_tiruch_1971,Tiruchchirappalli,1981,TN_tiruch_1971_geometry,0.0
NL_mon_1981,Mon,1981,NL_mon_1981_geometry,0.0
AN_andama_1971,Andamans,2001,AN_andama_1971_geometry,0.0
JK_kulgam_2011,Kulgam,2011,JK_kulgam_2011_geometry,0.0
WB_barddh_1951,Barddhaman,2011,WB_barddh_1951_geometry,0.0
PY_puduch_2001,Pondicherry,2001,PY_puduch_2001_geometry,0.0
ML_westja_2024,West Jaintia Hills,2024,ML_westja_2024_geometry,0.0
KA_chikka_2011,Chikkaballapura,2011,KA_chikka_2011_geometry,0.0
TG_yadadr_2024,Yadadri Bhuvanagiri,2024,TG_yadadr_2024_geometry,0.0
AR_tirap_1971,Tirap,1981,AR_tirap_1971_geometry,0.0
AP_drbram_2024,Dr. B. R. Ambedkar Konaseema,2024,AP_drbram_2024_geometry,0.0
TN_nagapa_2001,Nagapattinam,2001,TN_nagapa_2001_geometry,0.0
UP_budaun_2011,Budaun,2011,UP_budaun_2011_geometry,0.0
BR_jehana_1991,Jehanabad,1991,BR_jehana_1991_geometry,0.0
KA_uttark_1951,North Kanara,1971,KA_uttark_1951_geometry,0.0
BR_monghy_1971,Monghyr,1971,BR_monghy_1971_geometry,0.0
AR_siang_1971,Siang,1971,AR_siang_1971_geometry,0.0
UP_amroha_2001,Amroha,2024,UP_amroha_2001_geometry,0.0
TN_salem_1961,Salem,1961,TN_salem_1961_geometry,0.0
AN_northm_2011,North & Middle Andaman,2011,AN_northm_2011_geometry,0.0
TN_nagapa_2001,Nagapattinam,2011,TN_nagapa_2001_geometry,0.0
MZ_khawza_2024,Khawzawl,2024,MZ_khawza_2024_geometry,0.0
WB_south2_1971,Twenty Four Parganas,1971,WB_south2_1971_geometry,0.0
UP_ghazia_1981,Ghaziabad,1991,UP_ghazia_1981_geometry,0.0
KA_mysuru_1991,Mysuru,2024,KA_mysuru_1991_geometry,0.0
JK_ramban_2011,Ramban,2011,JK_ramban_2011_geometry,0.0
JK_udhamp_1961,Udhampur,1961,JK_udhamp_1961_geometry,0.0
AS_mariga_1991,Marigaon,1991,AS_mariga_1991_geometry,0.0
KA_koppal_2001,Koppal,2001,KA_koppal_2001_geometry,0.0
TG_manche_2024,Mancherial,2024,TG_manche_2024_geometry,0.0
AS_chiran_2011,Chirang,2011,AS_chiran_2011_geometry,0.0
RJ_jhunjh_1961,Jhunjhunun,1971,RJ_jhunjh_1961_geometry,0.0
KL_malapp_1951,Malabar,1951,KL_malapp_1951_geometry,0.0
ML_westkh_1981,West Khasi Hills,1981,ML_westkh_1981_geometry,0.0
JH_pakaur_2001,Pakaur,2001,JH_pakaur_2001_geometry,0.0
GJ_junaga_1951,Junagadh,1961,GJ_junaga_1951_geometry,0.0
AP_sripot_1971,Sri Potti Sriramulu Nellore,2011,AP_sripot_1971_geometry,0.0
HR_jhajja_2001,Jhajjar,2001,HR_jhajja_2001_geometry,0.0
MN_manipu_1951,Manipur West,1981,MN_manipu_1951_geometry,0.0
GJ_kachch_1981,Kachchh,1981,GJ_kachch_1981_geometry,0.0
HR_jind_1971,Jind,1971,HR_jind_1971_geometry,0.0
MH_buldan_1951,Buldhana,1971,MH_buldan_1951_geometry,0.0
CG_dhamta_2001,Dhamtari,2001,CG_dhamta_2001_geometry,0.0
UP_etah_2001,Etah,2001,UP_etah_2001_geometry,0.0
OD_bargar_2001,Bargarh,2001,OD_bargar_2001_geometry,0.0
MH_ahmedn_1951,Ahmednagar,1951,MH_ahmedn_1951_geometry,0.0
OD_bhadra_2001,Bhadrak,2001,OD_bhadra_2001_geometry,0.0
KL_kannur_1961,Cannanore,1981,KL_kannur_1961_geometry,0.0
GA_goa_1981,Goa,1981,GA_goa_1981_geometry,0.0
UP_auraiy_2001,Auraiya,2001,UP_auraiy_2001_geometry,0.0
JK_reasi_2011,Reasi,2011,JK_reasi_2011_geometry,0.0
DL_shahda_2024,Shahdara,2024,DL_shahda_2024_geometry,0.0
JK_ladakh_1961,Ladakh,1971,JK_ladakh_1961_geometry,0.0
TN_vilupp_2001,Viluppuram,2001,TN_vilupp_2001_geometry,0.0
UP_kannau_2001,Kannauj,2001,UP_kannau_2001_geometry,0.0
KA_raichu_1991,Raichur,1991,KA_raichu_1991_geometry,0.0
AR_lohit_1971,Lohit,2001,AR_lohit_1971_geometry,0.0
MP_khandw_1961,Khandwa,1971,MP_khandw_1961_geometry,0.0
OD_baudh_1951,Phulabani,1991,OD_baudh_1951_geometry,0.0
TN_vellor_2001,Vellore,2011,TN_vellor_2001_geometry,0.0
JK_doda_1961,Doda,1961,JK_doda_1961_geometry,0.0
NL_kohima_1951,Kohima,2001,NL_kohima_1951_geometry,0.0
MN_kakchi_2024,Kakching,2024,MN_kakchi_2024_geometry,0.0
NC_centra_2001,Central,2001,NC_centra_2001_geometry,0.0
TN_chenga_1951,Chengalpattu,1971,TN_chenga_1951_geometry,0.0
BR_sitama_1981,Sitamarhi,1991,BR_sitama_1981_geometry,0.0
MH_nandur_2001,Nandurbar,2001,MH_nandur_2001_geometry,0.0
WB_jalpai_2011,Jalpaiguri,2011,WB_jalpai_2011_geometry,0.0
SK_pakyon_2024,Pakyong,2024,SK_pakyon_2024_geometry,0.0
JK_baramu_1961,Baramulla,1961,JK_baramu_1961_geometry,0.0
JK_anantn_1961,Anantnag,1961,JK_anantn_1961_geometry,0.0
AS_kokraj_1991,Kokrajhar,2001,AS_kokraj_1991_geometry,0.0
AR_lohit_1971,Lohit,2011,AR_lohit_1971_geometry,0.0
WB_south2_1971,Twenty Four Parganas,1981,WB_south2_1971_geometry,0.0
MP_narsin_1961,Narsimhapur,1961,MP_narsin_1961_geometry,0.0
BR_naland_1981,Nalanda,1981,BR_naland_1981_geometry,0.0
JK_rajaur_1971,Rajauri,2001,JK_rajaur_1971_geometry,0.0
TN_ranipe_2024,Ranipet,2024,TN_ranipe_2024_geometry,0.0
NL_kohima_1951,Kohima,2011,NL_kohima_1951_geometry,0.0
TN_nilgir_1951,Nilgiri,1961,TN_nilgir_1951_geometry,0.0
JH_palamu_1971,Palamu,1991,JH_palamu_1971_geometry,0.0
CG_bilasp_1991,Bilaspur,1991,CG_bilasp_1991_geometry,0.0
UP_kasgan_2024,Kasganj,2024,UP_kasgan_2024_geometry,0.0
AS_nagaon_1981,Nagaon,1981,AS_nagaon_1981_geometry,0.0
UP_chitra_2001,Chitrakoot,2001,UP_chitra_2001_geometry,0.0
DL_south_2001,South,2001,DL_south_2001_geometry,0.0
UK_sahara_1981,Saharanpur,1981,UK_sahara_1981_geometry,0.0
JK_pulwam_1981,Pulwama,2001,JK_pulwam_1981_geometry,0.0
TN_tirune_1981,Tirunelveli,2001,TN_tirune_1981_geometry,0.0
KL_alappu_1961,Alleppey,1961,KL_alappu_1961_geometry,0.0
OD_anugul_2001,Anugul,2001,OD_anugul_2001_geometry,0.0
JH_jamtar_2011,Jamtara,2011,JH_jamtar_2011_geometry,0.0
PY_puduch_2001,Puducherry,2011,PY_puduch_2001_geometry,0.0
AR_tawang_1991,Tawang,1991,AR_tawang_1991_geometry,0.0
PB_amrits_2001,Amritsar,2001,PB_amrits_2001_geometry,0.0
TN_chenga_1951,Chingleput,1961,TN_chenga_1951_geometry,0.0
RJ_dausa_2001,Dausa,2001,RJ_dausa_2001_geometry,0.0
HP_shimla_1961,Simla,1971,HP_shimla_1961_geometry,0.0
AP_ysr_2011,Y.S.R.,2011,AP_ysr_2011_geometry,0.0
BR_madhub_1981,Madhubani,1981,BR_madhub_1981_geometry,0.0
KA_shivam_2011,Shimoga,2011,KA_shivam_2011_geometry,0.0
CG_raigar_1991,Raigarh,1991,CG_raigar_1991_geometry,0.0
TN_thanja_1951,Tanjore,1951,TN_thanja_1951_geometry,0.0
TN_erode_2001,Erode,2001,TN_erode_2001_geometry,0.0
PB_patial_1951,Patiala,1961,PB_patial_1951_geometry,0.0
MN_thouba_1991,Thoubal,2011,MN_thouba_1991_geometry,0.0
JK_lehlad_2001,Leh (Ladakh),2001,JK_lehlad_2001_geometry,0.0
UP_mahara_1991,Maharajganj,2001,UP_mahara_1991_geometry,0.0
UP_deoria_1991,Deoria,1991,UP_deoria_1991_geometry,0.0
CG_naraya_2011,Narayanpur,2011,CG_naraya_2011_geometry,0.0
CG_korba_2001,Korba,2001,CG_korba_2001_geometry,0.0
CG_gariya_2024,Gariyaband,2024,CG_gariya_2024_geometry,0.0
AR_anjaw_2011,Anjaw,2011,AR_anjaw_2011_geometry,0.0
OD_kendra_2001,Kendrapara,2001,OD_kendra_2001_geometry,0.0
CG_rajnan_1981,Raj Nandgaon,1991,CG_rajnan_1981_geometry,0.0
UP_varana_1951,Banares,1951,UP_varana_1951_geometry,0.0
UP_ghazia_1981,Ghaziabad,1981,UP_ghazia_1981_geometry,0.0
GJ_botad_2024,Botad,2024,GJ_botad_2024_geometry,0.0
UP_amroha_2001,Jyotiba Phule Nagar,2011,UP_amroha_2001_geometry,0.0
AR_shiyom_2024,Shi-Yomi,2024,AR_shiyom_2024_geometry,0.0
OD_puri_1991,Puri,1991,OD_puri_1991_geometry,0.0
AS_cachar_1981,Cachar,1981,AS_cachar_1981_geometry,0.0
MH_buldan_1951,Buldana,1951,MH_buldan_1951_geometry,0.0
KA_bijapu_1991,Bijapur,1991,KA_bijapu_1991_geometry,0.0
TN_dharma_1971,Dharmapuri,2001,TN_dharma_1971_geometry,0.0
TG_rajann_2024,Rajanna Sircilla,2024,TG_rajann_2024_geometry,0.0
CG_dakshi_2011,Dakshin Bastar Dantewada,2011,CG_dakshi_2011_geometry,0.0
ML_jainti_1981,Jaintia Hills,1981,ML_jainti_1981_geometry,0.0
BR_muzaff_1971,Muzaffarpur,1971,BR_muzaff_1971_geometry,0.0
WB_purbab_2024,Purba Barddhaman,2024,WB_purbab_2024_geometry,0.0
RJ_dhaulp_1991,Dhaulpur,1991,RJ_dhaulp_1991_geometry,0.0
AP_visakh_1961,Visakhapatnam,1971,AP_visakh_1961_geometry,0.0
UP_sambha_2024,Sambhal (Bhimnagar),2024,UP_sambha_2024_geometry,0.0
WB_24parg_1961,24 - Parganas,1961,WB_24parg_1961_geometry,0.0
AP_ananta_2011,Anantapur,2011,AP_ananta_2011_geometry,0.0
DL_north_2024,North,2024,DL_north_2024_geometry,0.0
OD_jajapu_2001,Jajapur,2001,OD_jajapu_2001_geometry,0.0
AP_srisat_2024,Sri Sathya Sai,2024,AP_srisat_2024_geometry,0.0
AS_karimg_1991,Karimganj,1991,AS_karimg_1991_geometry,0.0
MH_pune_1951,Poona,1971,MH_pune_1951_geometry,0.0
UP_kanshi_2011,Kanshiram Nagar,2011,UP_kanshi_2011_geometry,0.0
WB_barddh_1951,Barddhaman,1981,WB_barddh_1951_geometry,0.0
PB_sangru_1951,Sangrur,2011,PB_sangru_1951_geometry,0.0
UP_mainpu_1981,Mainpuri,1981,UP_mainpu_1981_geometry,0.0
JK_ladakh_1961,Ladakh,1961,JK_ladakh_1961_geometry,0.0
MH_mumbai_1951,Mumbai (Suburban),2001,MH_mumbai_1951_geometry,0.0
NC_northw_2001,North West,2001,NC_northw_2001_geometry,0.0
WB_kochbi_1971,Cooch Behar,1971,WB_kochbi_1971_geometry,0.0
BR_lakhis_2001,Lakhisarai,2001,BR_lakhis_2001_geometry,0.0
TN_ramana_1981,Ramanathapuram,1981,TN_ramana_1981_geometry,0.0
UP_kanpur_1951,Kanpur,1981,UP_kanpur_1951_geometry,0.0
UP_sultan_2011,Sultanpur,2011,UP_sultan_2011_geometry,0.0
MN_manipu_1951,Manipur East,1971,MN_manipu_1951_geometry,0.0
JK_baramu_1961,Baramula,2001,JK_baramu_1961_geometry,0.0
DA_dadra_2001,Dadra & Nagar Haveli,2011,DA_dadra_2001_geometry,0.0
UP_santka_2001,Sant Kabir Nagar,2001,UP_santka_2001_geometry,0.0
OD_baudh_1951,Phulabani,1981,OD_baudh_1951_geometry,0.0
PB_shahid_2001,Nawanshahr,2001,PB_shahid_2001_geometry,0.0
WB_paschi_2011,Pashchim Barddhaman,2024,WB_paschi_2011_geometry,0.0
HR_kaitha_1991,Kaithal,1991,HR_kaitha_1991_geometry,0.0
BR_sitama_1981,Sitamarhi,1981,BR_sitama_1981_geometry,0.0
BR_supaul_2001,Supaul,2001,BR_supaul_2001_geometry,0.0
TG_mahbub_2011,Mahbubnagar,2011,TG_mahbub_2011_geometry,0.0
OD_jharsu_2001,Jharsuguda,2001,OD_jharsu_2001_geometry,0.0
JH_palamu_1971,Palamau,1971,JH_palamu_1971_geometry,0.0
MN_manipu_1951,Manipur East,1981,MN_manipu_1951_geometry,0.0
TN_pudukk_1981,Pudukkottai,1981,TN_pudukk_1981_geometry,0.0
RJ_baran_2001,Baran,2001,RJ_baran_2001_geometry,0.0
RJ_kota_1951,Kota,1961,RJ_kota_1951_geometry,0.0
MH_pune_1951,Pune,1981,MH_pune_1951_geometry,0.0
TN_coimba_1951,Coimbatore,2001,TN_coimba_1951_geometry,0.0
JH_psingh_1981,Singhbhum,1981,JH_psingh_1981_geometry,0.0
MN_senapa_1991,Senapati,1991,MN_senapa_1991_geometry,0.0
HR_rewari_1991,Rewari,1991,HR_rewari_1991_geometry,0.0
MH_dhule_1951,Dhulia,1971,MH_dhule_1951_geometry,0.0
BR_banka_2001,Banka,2001,BR_banka_2001_geometry,0.0
AS_dibrug_1981,Dibrugarh,1981,AS_dibrug_1981_geometry,0.0
TR_khowai_2024,Khowai,2024,TR_khowai_2024_geometry,0.0
GJ_jamnag_1951,Jamnagar,1961,GJ_jamnag_1951_geometry,0.0
AR_subans_1961,Subansiri Frontier,1961,AR_subans_1961_geometry,0.0
AS_jorhat_1991,Jorhat,1991,AS_jorhat_1991_geometry,0.0
GJ_panchm_1951,Panch Mahals,2011,GJ_panchm_1951_geometry,0.0
PB_pathan_2024,Pathankot,2024,PB_pathan_2024_geometry,0.0
AS_moriga_2011,Morigaon,2011,AS_moriga_2011_geometry,0.0
TG_khamma_1961,Khammam,1961,TG_khamma_1961_geometry,0.0
AR_subans_1961,Subansiri,1971,AR_subans_1961_geometry,0.0
TN_thiruv_1951,Thiruvallur,2001,TN_thiruv_1951_geometry,0.0
DL_southw_2001,South West,2001,DL_southw_2001_geometry,0.0
PB_barnal_1951,Barnala,1951,PB_barnal_1951_geometry,0.0
MH_hingol_2001,Hingoli,2001,MH_hingol_2001_geometry,0.0
TN_tirune_1981,Tirunelveli,2011,TN_tirune_1981_geometry,0.0
HP_shimla_1961,Simla,1961,HP_shimla_1961_geometry,0.0
KL_thriss_1951,Trichur,1981,KL_thriss_1951_geometry,0.0
TG_medcha_2024,Medchal–Malkajgiri,2024,TG_medcha_2024_geometry,0.0
GA_southg_1991,South Goa,1991,GA_southg_1991_geometry,0.0
KA_chamar_2001,Chamarajanagar,2001,KA_chamar_2001_geometry,0.0
KA_bijapu_1991,Vijayapura,2024,KA_bijapu_1991_geometry,0.0
UP_baraba_1991,Barabanki,2001,UP_baraba_1991_geometry,0.0
AR_lohit_1971,Lohit,1971,AR_lohit_1971_geometry,0.0
HR_nuh_2011,Mewat,2011,HR_nuh_2011_geometry,0.0
MH_dhule_1951,West Khandesh,1951,MH_dhule_1951_geometry,0.0
TN_chenga_1951,Chengalpattu,1981,TN_chenga_1951_geometry,0.0
CG_rajnan_1981,Raj Nandgaon,1981,CG_rajnan_1981_geometry,0.0
WB_darjil_1971,Darjiling,2011,WB_darjil_1971_geometry,0.0
AS_bongai_1991,Bongaigaon,1991,AS_bongai_1991_geometry,0.0
MP_barwan_2001,Barwani,2001,MP_barwan_2001_geometry,0.0
AP_krishn_2011,Krishna,2011,AP_krishn_2011_geometry,0.0
MZ_lungle_1981,Lunglei,1981,MZ_lungle_1981_geometry,0.0
TR_westtr_1971,West Tripura,2011,TR_westtr_1971_geometry,0.0
PB_shahid_2001,Shahid Bhagat Singh Nagar,2011,PB_shahid_2001_geometry,0.0
UK_bagesh_2001,Bageshwar,2001,UK_bagesh_2001_geometry,0.0
AR_lowers_1981,Lower Siang,2024,AR_lowers_1981_geometry,0.0
NL_dimapu_2001,Dimapur,2011,NL_dimapu_2001_geometry,0.0
UK_uttark_1961,Uttar Kashi,1971,UK_uttark_1961_geometry,0.0
OD_khordh_2001,Khordha,2001,OD_khordh_2001_geometry,0.0
TN_chenga_1951,Kancheepuram,2001,TN_chenga_1951_geometry,0.0
OD_balaso_1971,Balasore,1971,OD_balaso_1971_geometry,0.0
GJ_surat_1961,Surat,2001,GJ_surat_1961_geometry,0.0
AP_visakh_1961,Visakhapatnam,1961,AP_visakh_1961_geometry,0.0
BR_araria_1991,Araria,1991,BR_araria_1991_geometry,0.0
UP_amethi_2024,Amethi,2024,UP_amethi_2024_geometry,0.0
UP_gorakh_1981,Gorakhpur,1981,UP_gorakh_1981_geometry,0.0
AS_hailak_1991,Hailakandi,1991,AS_hailak_1991_geometry,0.0
KL_kozhik_1961,Kozhikode,1961,KL_kozhik_1961_geometry,0.0
AS_udalgu_2011,Udalguri,2011,AS_udalgu_2011_geometry,0.0
BR_nawada_1981,Nawadah,1991,BR_nawada_1981_geometry,0.0
TN_chenga_1951,Kancheepuram,2011,TN_chenga_1951_geometry,0.0
CG_durg_1971,Durg,2011,CG_durg_1971_geometry,0.0
TN_tiruch_1971,Tiruchirappalli,2011,TN_tiruch_1971_geometry,0.0
BR_gaya_1971,Gaya,1981,BR_gaya_1971_geometry,0.0
KA_gadag_2001,Gadag,2001,KA_gadag_2001_geometry,0.0
MN_churac_1991,Churachandpur,2011,MN_churac_1991_geometry,0.0
GJ_panchm_1951,Panchmahals,1961,GJ_panchm_1951_geometry,0.0
JK_shupiy_2011,Shupiyan,2011,JK_shupiy_2011_geometry,0.0
BR_saran_1971,Saran,1971,BR_saran_1971_geometry,0.0
OD_balesh_1981,Baleshwar,1991,OD_balesh_1981_geometry,0.0
KA_kolar_2001,Kolar,2001,KA_kolar_2001_geometry,0.0
AR_changl_1991,Changlang,1991,AR_changl_1991_geometry,0.0
CG_bastar_1991,Bastar,2011,CG_bastar_1991_geometry,0.0
JK_kupwar_1981,Kupwara,1981,JK_kupwar_1981_geometry,0.0
TN_nilgir_1951,Nilgiris,1971,TN_nilgir_1951_geometry,0.0
SK_northd_1981,North District,1991,SK_northd_1981_geometry,0.0
GJ_patan_2001,Patan,2001,GJ_patan_2001_geometry,0.0
RJ_kota_1951,Kota,1991,RJ_kota_1951_geometry,0.0
TN_tenkas_2024,Tenkasi,2024,TN_tenkas_2024_geometry,0.0
BR_sheoha_2001,Sheohar,2001,BR_sheoha_2001_geometry,0.0
JH_hazari_1971,Hazaribag,1991,JH_hazari_1971_geometry,0.0
JH_lateha_2011,Latehar,2011,JH_lateha_2011_geometry,0.0
JH_santha_1971,Santal Parganas,1971,JH_santha_1971_geometry,0.0
BR_bhojpu_1981,Bhojpur,1991,BR_bhojpu_1981_geometry,0.0
KL_thriss_1951,Thrissur,1991,KL_thriss_1951_geometry,0.0
TN_dindig_1991,Dindigul Anna,1991,TN_dindig_1991_geometry,0.0
HR_hisar_1951,Hisar,1971,HR_hisar_1951_geometry,0.0
MH_aurang_1981,Aurangabad,1981,MH_aurang_1981_geometry,0.0
KL_palgha_1961,Palghat,1961,KL_palgha_1961_geometry,0.0
ML_westga_1981,West Garo Hills,1991,ML_westga_1981_geometry,0.0
HR_mahend_1951,Mahendragarh,1981,HR_mahend_1951_geometry,0.0
AR_uppers_1981,Upper Siang,2001,AR_uppers_1981_geometry,0.0
AS_kamrup_1981,Kamrup,1981,AS_kamrup_1981_geometry,0.0
AP_annama_2024,Annamayya,2024,AP_annama_2024_geometry,0.0
GJ_bhavna_1951,Bhavnagar,2011,GJ_bhavna_1951_geometry,0.0
TN_kamara_1991,Kamarajar,1991,TN_kamara_1991_geometry,0.0
JH_pakur_2011,Pakur,2011,JH_pakur_2011_geometry,0.0
OD_korapu_1991,Koraput,1991,OD_korapu_1991_geometry,0.0
TG_siddip_2024,Siddipet,2024,TG_siddip_2024_geometry,0.0
MP_tikamg_2011,Tikamgarh,2011,MP_tikamg_2011_geometry,0.0
UP_baghpa_2001,Baghpat,2001,UP_baghpa_2001_geometry,0.0
GJ_ahmeda_1961,Ahmadabad,1971,GJ_ahmeda_1961_geometry,0.0
OD_malkan_2001,Malkangiri,2001,OD_malkan_2001_geometry,0.0
AS_nagaon_1981,Nagaon,2011,AS_nagaon_1981_geometry,0.0
MH_palgha_2024,Palghar,2024,MH_palgha_2024_geometry,0.0
AP_anakap_2024,Anakapalli,2024,AP_anakap_2024_geometry,0.0
OD_sambal_1991,Sambalpur,1991,OD_sambal_1991_geometry,0.0
JK_baramu_1961,Baramula,1971,JK_baramu_1961_geometry,0.0
MP_guna_1961,Guna,2001,MP_guna_1961_geometry,0.0
AR_tirap_1971,Tirap,2011,AR_tirap_1971_geometry,0.0
AP_tirupa_2024,Tirupati,2024,AP_tirupa_2024_geometry,0.0
ML_eastkh_1981,East Khasi Hills,1991,ML_eastkh_1981_geometry,0.0
GJ_bharuc_1961,Broach,1961,GJ_bharuc_1961_geometry,0.0
UK_pithor_1961,Pithoragarh,1991,UK_pithor_1961_geometry,0.0
CG_surajp_2024,Surajpur,2024,CG_surajp_2024_geometry,0.0
UK_champa_2001,Champawat,2001,UK_champa_2001_geometry,0.0
NL_tuensa_1951,Tuensang,2001,NL_tuensa_1951_geometry,0.0
AR_uppers_1981,Upper Subansiri,2011,AR_uppers_1981_geometry,0.0
UP_firoza_1991,Firozabad,1991,UP_firoza_1991_geometry,0.0
AS_karbia_1981,Karbi Anglong,2011,AS_karbia_1981_geometry,0.0
UK_pithor_1961,Pithoragarh,1961,UK_pithor_1961_geometry,0.0
UK_uttark_1961,Uttar Kashi,1961,UK_uttark_1961_geometry,0.0
BR_siwan_1981,Siwan,1981,BR_siwan_1981_geometry,0.0
UP_jhansi_1971,Jhansi,1971,UP_jhansi_1971_geometry,0.0
TR_northt_1971,North Tripura,1971,TR_northt_1971_geometry,0.0
JH_gumla_1991,Gumla,2001,JH_gumla_1991_geometry,0.0
BR_arwal_2011,Arwal,2011,BR_arwal_2011_geometry,0.0
AP_eluru_2024,Eluru,2024,AP_eluru_2024_geometry,0.0
MN_manipu_1951,Manipur Central,1981,MN_manipu_1951_geometry,0.0
TN_thanja_1951,Thanjavur,1971,TN_thanja_1951_geometry,0.0
PB_fatehg_1951,Fatehgarh Sahib,1951,PB_fatehg_1951_geometry,0.0
BR_madhep_1991,Madhepura,1991,BR_madhep_1991_geometry,0.0
WB_haora_1971,Howrah,1971,WB_haora_1971_geometry,0.0
ML_eastga_1981,East Garo Hills,1981,ML_eastga_1981_geometry,0.0
UP_morada_1991,Moradabad,1991,UP_morada_1991_geometry,0.0
PB_bhatin_1951,Bathinda,1991,PB_bhatin_1951_geometry,0.0
RJ_jalore_1951,Jalore,1951,RJ_jalore_1951_geometry,0.0
NL_chumou_2024,Chumoukedima,2024,NL_chumou_2024_geometry,0.0
MN_imphal_1991,Imphal East,2001,MN_imphal_1991_geometry,0.0
MP_dindor_2001,Dindori,2001,MP_dindor_2001_geometry,0.0
DL_southw_2001,South West,2011,DL_southw_2001_geometry,0.0
NL_phek_1981,Phek,1981,NL_phek_1981_geometry,0.0
KL_wayana_1981,Wayanad,1981,KL_wayana_1981_geometry,0.0
HP_mahasu_1951,Mahasu,1971,HP_mahasu_1951_geometry,0.0
UK_rudrap_2001,Rudraprayag,2001,UK_rudrap_2001_geometry,0.0
CG_bijapu_2011,Bijapur,2011,CG_bijapu_2011_geometry,0.0
OD_balesh_1981,Baleshwar,1981,OD_balesh_1981_geometry,0.0
BR_sahars_1981,Saharsa,1991,BR_sahars_1981_geometry,0.0
WB_medini_1951,Midnapur,1951,WB_medini_1951_geometry,0.0
UP_basti_1981,Basti,1991,UP_basti_1981_geometry,0.0
SK_southd_1981,South District,1991,SK_southd_1981_geometry,0.0
KA_ramana_2011,Ramanagara,2011,KA_ramana_2011_geometry,0.0
GJ_kheda_1961,Kheda,2011,GJ_kheda_1961_geometry,0.0
AP_nandya_2024,Nandyal,2024,AP_nandya_2024_geometry,0.0
BR_buxar_2001,Buxar,2001,BR_buxar_2001_geometry,0.0
AS_northc_1971,North Cachar Hills,1971,AS_northc_1971_geometry,0.0
CG_raipur_1991,Raipur,1991,CG_raipur_1991_geometry,0.0
CG_kabeer_2011,Kabeerdham,2011,CG_kabeer_2011_geometry,0.0
HP_sirmur_1951,Sirmoor,1951,HP_sirmur_1951_geometry,0.0
AR_westsi_1981,West Siang,1981,AR_westsi_1981_geometry,0.0
UP_bhadoh_2001,Sant Ravidas Nagar,2001,UP_bhadoh_2001_geometry,0.0
WB_paschi_2011,Paschim Medinipur,2011,WB_paschi_2011_geometry,0.0
UP_gautam_2001,Gautam Buddha Nagar,2001,UP_gautam_2001_geometry,0.0
TG_kumura_2024,Kumuram Bheem,2024,TG_kumura_2024_geometry,0.0
UK_chamol_1961,Chamoli,1991,UK_chamol_1961_geometry,0.0
TN_narcot_1981,North Arcot,1981,TN_narcot_1981_geometry,0.0
ML_westga_1981,West Garo Hills,1981,ML_westga_1981_geometry,0.0
BR_jamui_2001,Jamui,2001,BR_jamui_2001_geometry,0.0
MH_ahmedn_1951,Ahmadnagar,1961,MH_ahmedn_1951_geometry,0.0
DL_delhi_1991,Delhi,1991,DL_delhi_1991_geometry,0.0
AR_lowerd_2011,Lower Dibang Valley,2011,AR_lowerd_2011_geometry,0.0
TN_chenga_1951,Chengalpattu MGR,1991,TN_chenga_1951_geometry,0.0
MH_chandr_1961,Chanda,1961,MH_chandr_1961_geometry,0.0
MP_goona_1951,Goona,1951,MP_goona_1951_geometry,0.0
GJ_vadoda_1971,Vadodara,1971,GJ_vadoda_1971_geometry,0.0
TG_karimn_2011,Karimnagar,2011,TG_karimn_2011_geometry,0.0
AS_lakhim_1971,Lakhimpur,1981,AS_lakhim_1971_geometry,0.0
TN_nilgir_1951,The Nilgiris,2001,TN_nilgir_1951_geometry,0.0
CG_baloda_2024,Baloda Bazar,2024,CG_baloda_2024_geometry,0.0
PB_srimuk_2001,Muktsar,2001,PB_srimuk_2001_geometry,0.0
AP_kurnoo_1951,Kurnool,2011,AP_kurnoo_1951_geometry,0.0
BR_nawada_1981,Nawada,1981,BR_nawada_1981_geometry,0.0
NL_niulan_2024,Niuland,2024,NL_niulan_2024_geometry,0.0
BR_munger_1981,Munger,1981,BR_munger_1981_geometry,0.0
UK_uttark_1961,Uttarkashi,2001,UK_uttark_1961_geometry,0.0
JH_psingh_1981,Pashchimi Singhbhum,1991,JH_psingh_1981_geometry,0.0
BR_khagar_1991,Khagaria,1991,BR_khagar_1991_geometry,0.0
DL_newdel_2024,New Delhi,2024,DL_newdel_2024_geometry,0.0
AR_tirapf_1951,Tirap Frontier Tract,1951,AR_tirapf_1951_geometry,0.0
AP_eastgo_2011,East Godavari,2011,AP_eastgo_2011_geometry,0.0
AS_barpet_1991,Barpeta,1991,AS_barpet_1991_geometry,0.0
ML_eastkh_1981,East Khasi Hills,1981,ML_eastkh_1981_geometry,0.0
TG_jayash_2024,Jayashankar Bhupalpally,2024,TG_jayash_2024_geometry,0.0
PB_mohali_2011,Sahibzada Ajit Singh Nagar,2011,PB_mohali_2011_geometry,0.0
SK_mangan_2024,Mangan,2024,SK_mangan_2024_geometry,0.0
MH_mumbai_1951,Mumbai Suburban,2011,MH_mumbai_1951_geometry,0.0
MP_harda_2001,Harda,2001,MP_harda_2001_geometry,0.0
MN_tengno_1951,Tengnoupal,1981,MN_tengno_1951_geometry,0.0
JH_dumka_1991,Dumka,1991,JH_dumka_1991_geometry,0.0
JK_kargil_1981,Kargil,1981,JK_kargil_1981_geometry,0.0
UP_buland_1971,Bulandshahr,1991,UP_buland_1971_geometry,0.0
UK_nainit_1971,Nainital,1991,UK_nainit_1971_geometry,0.0
MZ_aizawl_1981,Aizawl,1991,MZ_aizawl_1981_geometry,0.0
ML_southg_2001,South Garo Hills,2001,ML_southg_2001_geometry,0.0
MH_sindhu_1991,Sindhudurg,1991,MH_sindhu_1991_geometry,0.0
JK_anantn_1961,Anantnag,2001,JK_anantn_1961_geometry,0.0
JK_srinag_1961,Srinagar,1961,JK_srinag_1961_geometry,0.0
TR_southt_1971,South Tripura,1971,TR_southt_1971_geometry,0.0
CG_surguj_1991,Surguja,2011,CG_surguj_1991_geometry,0.0
GJ_bhavna_1951,Bhavnagar,1961,GJ_bhavna_1951_geometry,0.0
WB_kochbi_1971,Koch Bihar,1981,WB_kochbi_1971_geometry,0.0
MZ_mizora_1951,Mizoram,1971,MZ_mizora_1951_geometry,0.0
MN_manipu_1951,Manipur North,1971,MN_manipu_1951_geometry,0.0
GJ_baroda_1961,Baroda,1961,GJ_baroda_1961_geometry,0.0
BR_munger_1981,Munger,1991,BR_munger_1981_geometry,0.0
MP_gird_1951,Gird,1951,MP_gird_1951_geometry,0.0
CG_dantew_2001,Dantewada,2001,CG_dantew_2001_geometry,0.0
MZ_chhimt_1981,Chhimtuipui,1991,MZ_chhimt_1981_geometry,0.0
MN_tengno_1951,Chandel,2011,MN_tengno_1951_geometry,0.0
MP_khandw_1961,East Nimar,1961,MP_khandw_1961_geometry,0.0
MN_pherza_2024,Pherzawl,2024,MN_pherza_2024_geometry,0.0
MH_bhir_1971,Bhir,1971,MH_bhir_1971_geometry,0.0
UP_hathra_2001,Hathras,2001,UP_hathra_2001_geometry,0.0
KL_thriss_1951,Trichur,1951,KL_thriss_1951_geometry,0.0
MN_manipu_1951,Manipur North,1981,MN_manipu_1951_geometry,0.0
UP_etawah_1991,Etawah,2011,UP_etawah_1991_geometry,0.0
MP_agarma_2024,Agar-Malwa,2024,MP_agarma_2024_geometry,0.0
BR_vaisha_1981,Vaishali,1981,BR_vaisha_1981_geometry,0.0
CG_bastar_1991,Bastar,2001,CG_bastar_1991_geometry,0.0
AS_tinsuk_1991,Tinsukia,1991,AS_tinsuk_1991_geometry,0.0
UP_hapurp_2024,Hapur (Panchsheel Nagar),2024,UP_hapurp_2024_geometry,0.0
UP_balram_2001,Balrampur,2001,UP_balram_2001_geometry,0.0
UP_hathra_2001,Hathras,2024,UP_hathra_2001_geometry,0.0
PB_srimuk_2001,Muktsar,2011,PB_srimuk_2001_geometry,0.0
HP_shimla_1961,Shimla,1981,HP_shimla_1961_geometry,0.0
AR_lowers_1981,Lower Subansiri,2011,AR_lowers_1981_geometry,0.0
BR_sahars_1981,Saharsa,1981,BR_sahars_1981_geometry,0.0
AP_vizian_1981,Vizianagaram,1981,AP_vizian_1981_geometry,0.0
AP_parvat_2024,Parvathipuram Manyam,2024,AP_parvat_2024_geometry,0.0
UP_mahara_1991,Maharajganj,1991,UP_mahara_1991_geometry,0.0
SK_southd_1981,South District,1981,SK_southd_1981_geometry,0.0
DL_southe_2024,South East,2024,DL_southe_2024_geometry,0.0
WB_medini_1951,Medinipur,2001,WB_medini_1951_geometry,0.0
UP_kanpur_1951,Kanpur Dehat,1991,UP_kanpur_1951_geometry,0.0
MN_manipu_1951,Manipur West,1971,MN_manipu_1951_geometry,0.0
TG_jagtia_2024,Jagtial,2024,TG_jagtia_2024_geometry,0.0
HP_hamirp_1981,Hamirpur,1981,HP_hamirp_1981_geometry,0.0
AP_kakina_2024,Kakinada,2024,AP_kakina_2024_geometry,0.0
NL_tsemin_2024,Tseminyü,2024,NL_tsemin_2024_geometry,0.0
TN_thiruv_1951,Trivandrum,1951,TN_thiruv_1951_geometry,0.0
NC_south_2001,South,2001,NC_south_2001_geometry,0.0
KA_chikma_2011,Chikmagalur,2011,KA_chikma_2011_geometry,0.0
HR_hisar_1951,Hisar,1991,HR_hisar_1951_geometry,0.0
AR_eastsi_1981,East Siang,2011,AR_eastsi_1981_geometry,0.0
KL_palgha_1961,Palghat,1981,KL_palgha_1961_geometry,0.0
RJ_jalore_1951,Jalor,1961,RJ_jalore_1951_geometry,0.0
KA_dharwa_1971,Dharwad,1991,KA_dharwa_1971_geometry,0.0
MZ_kolasi_2001,Kolasib,2001,MZ_kolasi_2001_geometry,0.0
TN_tirupa_2024,Tirupattur,2024,TN_tirupa_2024_geometry,0.0
HP_lahula_1971,Lahul and Spiti,1971,HP_lahula_1971_geometry,0.0
BR_champa_1971,Champaran,1971,BR_champa_1971_geometry,0.0
AP_kadapa_2001,Cuddapah,2001,AP_kadapa_2001_geometry,0.0
TN_cuddal_1991,Cuddalore,2001,TN_cuddal_1991_geometry,0.0
CG_surguj_1991,Surguja,1991,CG_surguj_1991_geometry,0.0
UP_bhadoh_2001,Sant Ravidas Nagar (Bhadohi),2011,UP_bhadoh_2001_geometry,0.0
UP_baraba_1991,Bara Banki,2011,UP_baraba_1991_geometry,0.0
GJ_bharuc_1961,Bharuch,1991,GJ_bharuc_1961_geometry,0.0
AS_karbia_1981,Karbi Anglong,1981,AS_karbia_1981_geometry,0.0
BR_purbac_1981,Purba Champaran,1981,BR_purbac_1981_geometry,0.0
UK_nainit_1971,Naini Tal,1971,UK_nainit_1971_geometry,0.0
AS_charai_2024,Charaideo,2024,AS_charai_2024_geometry,0.0
UP_kushin_2001,Kushinagar,2001,UP_kushin_2001_geometry,0.0
JH_lohard_1991,Lohardaga,1991,JH_lohard_1991_geometry,0.0
UP_prayag_2024,Prayagraj,2024,UP_prayag_2024_geometry,0.0
WB_southt_1991,South Twenty Four Parganas,1991,WB_southt_1991_geometry,0.0
TG_rangar_1981,Rangareddy,2011,TG_rangar_1981_geometry,0.0
KA_bangal_1981,Bangalore Rural,2001,KA_bangal_1981_geometry,0.0
UK_tehri_1951,Tehri Garhwal,1951,UK_tehri_1951_geometry,0.0
AR_lepara_2024,Lepa - Rada,2024,AR_lepara_2024_geometry,0.0
MN_imphal_1991,Imphal East,2011,MN_imphal_1991_geometry,0.0
MP_neemuc_2001,Neemuch,2001,MP_neemuc_2001_geometry,0.0
KL_palakk_1991,Palakkad,1991,KL_palakk_1991_geometry,0.0
AR_eastsi_1981,East Siang,1981,AR_eastsi_1981_geometry,0.0
AP_ntr_2024,NTR,2024,AP_ntr_2024_geometry,0.0
TG_hydera_1971,Hyderabad,1971,TG_hydera_1971_geometry,0.0
MH_dharas_1981,Dharashiv,2024,MH_dharas_1981_geometry,0.0
AR_eastka_1981,East Kameng,2011,AR_eastka_1981_geometry,0.0
AP_vizaga_1951,Vizagapatnam,1951,AP_vizaga_1951_geometry,0.0
TN_mayila_2024,Mayiladuthurai,2024,TN_mayila_2024_geometry,0.0
BR_gaya_1971,Gaya,1971,BR_gaya_1971_geometry,0.0
UP_kanpur_1951,Kanpur Nagar,1991,UP_kanpur_1951_geometry,0.0
BR_sheikh_2001,Sheikhpura,2001,BR_sheikh_2001_geometry,0.0
KL_pathan_1991,Pathanamthitta,1991,KL_pathan_1991_geometry,0.0
UP_allaha_1951,Allahabad,1991,UP_allaha_1951_geometry,0.0
AS_darran_1981,Darrang,1981,AS_darran_1981_geometry,0.0
BR_kishan_1991,Kishanganj,1991,BR_kishan_1991_geometry,0.0
TR_northt_1971,North Tripura,1991,TR_northt_1971_geometry,0.0
PB_rupnag_1981,Rupnagar,2001,PB_rupnag_1981_geometry,0.0
TN_pasump_1991,Pasumpon Muthuramalinga Thevar,1991,TN_pasump_1991_geometry,0.0
CG_uttarb_2011,Uttar Bastar Kanker,2011,CG_uttarb_2011_geometry,0.0
TN_peramb_2001,Perambalur,2001,TN_peramb_2001_geometry,0.0
TN_thooth_2001,Thoothukkudi,2011,TN_thooth_2001_geometry,0.0
MZ_aizawl_1981,Aizawl,1981,MZ_aizawl_1981_geometry,0.0
AP_visakh_1961,Visakhapatnam,1991,AP_visakh_1961_geometry,0.0
CG_mahasa_2001,Mahasamund,2001,CG_mahasa_2001_geometry,0.0
RJ_jhunjh_1961,Jhunjhunu,1961,RJ_jhunjh_1961_geometry,0.0
SK_east_2001,East,2001,SK_east_2001_geometry,0.0
NL_zunheb_1981,Zunheboto,1981,NL_zunheb_1981_geometry,0.0
MP_khandw_1961,Khandwa (East Nimar),2011,MP_khandw_1961_geometry,0.0
PB_malerk_2024,Malerkotla,2024,PB_malerk_2024_geometry,0.0
HR_farida_1981,Faridabad,2001,HR_farida_1981_geometry,0.0
JH_giridi_1981,Giridih,1991,JH_giridi_1981_geometry,0.0
JK_badgam_1981,Badgam,1981,JK_badgam_1981_geometry,0.0
WB_uttard_2001,Uttar Dinajpur,2001,WB_uttard_2001_geometry,0.0
MP_khargo_1961,West Nimar,2001,MP_khargo_1961_geometry,0.0
MZ_chhimt_1981,Chhimtuipui,1981,MZ_chhimt_1981_geometry,0.0
JH_kodarm_2001,Kodarma,2001,JH_kodarm_2001_geometry,0.0
TG_adilab_2011,Adilabad,2011,TG_adilab_2011_geometry,0.0
GJ_valsad_1971,Valsad,1971,GJ_valsad_1971_geometry,0.0
AR_dibang_1981,Dibang Valley,1981,AR_dibang_1981_geometry,0.0
HP_lahaul_1961,Lahaul and Spiti,1961,HP_lahaul_1961_geometry,0.0
UP_gonda_1991,Gonda,1991,UP_gonda_1991_geometry,0.0
NL_kiphir_2011,Kiphire,2011,NL_kiphir_2011_geometry,0.0
KA_bijapu_1991,Bijapur,2011,KA_bijapu_1991_geometry,0.0
PB_bhatin_1951,Bhatinda,1971,PB_bhatin_1951_geometry,0.0
TN_nilgir_1951,Nilgiris,1951,TN_nilgir_1951_geometry,0.0
OD_nabara_2001,Nabarangapur,2001,OD_nabara_2001_geometry,0.0
AS_kamrup_1981,Kamrup,2001,AS_kamrup_1981_geometry,0.0
JK_samba_2011,Samba,2011,JK_samba_2011_geometry,0.0
JH_bokaro_2001,Bokaro,2001,JH_bokaro_2001_geometry,0.0
AR_kamle_2024,Kamle,2024,AR_kamle_2024_geometry,0.0
CG_koriya_2001,Koriya,2001,CG_koriya_2001_geometry,0.0
AP_vishak_1981,Vishakhapatnam,1981,AP_vishak_1981_geometry,0.0
NL_dimapu_2001,Dimapur,2001,NL_dimapu_2001_geometry,0.0
MP_vidish_1961,Vidisha,1961,MP_vidish_1961_geometry,0.0
CG_mungel_2024,Mungeli,2024,CG_mungel_2024_geometry,0.0
OD_debaga_2001,Debagarh,2001,OD_debaga_2001_geometry,0.0
TG_mulugu_2024,Mulugu,2024,TG_mulugu_2024_geometry,0.0
OD_baudh_1951,Baudh,2001,OD_baudh_1951_geometry,0.0
TN_thiruv_1951,Thiruvarur,2001,TN_thiruv_1951_geometry,0.0
AS_dhubur_1991,Dhuburi,1991,AS_dhubur_1991_geometry,0.0
HP_sirmur_1951,Sirmur,1961,HP_sirmur_1951_geometry,0.0
JK_poonch_1961,Poonch,1961,JK_poonch_1961_geometry,0.0
WB_barddh_1951,Burdwan,1971,WB_barddh_1951_geometry,0.0
GJ_bharuc_1961,Bharuch,1971,GJ_bharuc_1961_geometry,0.0
JH_hazari_1971,Hazaribag,1981,JH_hazari_1971_geometry,0.0
GJ_chhota_2024,Chhota Udepur,2024,GJ_chhota_2024_geometry,0.0
KA_dharwa_1971,Dharwad,1981,KA_dharwa_1971_geometry,0.0
HR_mahend_1951,Mahendragarh,1961,HR_mahend_1951_geometry,0.0
TN_cuddal_1991,South Arcot,1991,TN_cuddal_1991_geometry,0.0
MH_ahmedn_1951,Ahmadnagar,1981,MH_ahmedn_1951_geometry,0.0
MP_mandla_1991,Mandla,1991,MP_mandla_1991_geometry,0.0
TN_namakk_2001,Namakkal,2001,TN_namakk_2001_geometry,0.0
PB_sangru_1951,Sangrur,2001,PB_sangru_1951_geometry,0.0
KL_alappu_1961,Alleppey,1981,KL_alappu_1961_geometry,0.0
UP_azamga_1981,Azamgarh,1981,UP_azamga_1981_geometry,0.0
AS_nalbar_1991,Nalbari,2001,AS_nalbar_1991_geometry,0.0
AS_mariga_1991,Marigaon,2001,AS_mariga_1991_geometry,0.0
TR_unakot_2024,Unakoti,2024,TR_unakot_2024_geometry,0.0
BR_aurang_1981,Aurangabad,1981,BR_aurang_1981_geometry,0.0
MZ_champh_2001,Champhai,2001,MZ_champh_2001_geometry,0.0
MP_annupu_2011,Annupur,2011,MP_annupu_2011_geometry,0.0
AN_southa_2011,South Andaman,2011,AN_southa_2011_geometry,0.0
NL_peren_2011,Peren,2011,NL_peren_2011_geometry,0.0
MP_damoh_1961,Damoh,1961,MP_damoh_1961_geometry,0.0
MZ_saiha_2001,Saiha,2001,MZ_saiha_2001_geometry,0.0
WB_hugli_1981,Hugli,1981,WB_hugli_1981_geometry,0.0
MZ_champh_2001,Champhai,2011,MZ_champh_2001_geometry,0.0
JK_jammu_1961,Jammu,1961,JK_jammu_1961_geometry,0.0
PB_firozp_1951,Firozpur,2011,PB_firozp_1951_geometry,0.0
NL_kohima_1951,Kohima,1991,NL_kohima_1951_geometry,0.0
KA_belgau_2011,Belgavi,2024,KA_belgau_2011_geometry,0.0
JK_kishtw_2011,Kishtwar,2011,JK_kishtw_2011_geometry,0.0
KA_tumaku_2011,Tumakuru,2024,KA_tumaku_2011_geometry,0.0
AS_kokraj_1991,Kokrajhar,1991,AS_kokraj_1991_geometry,0.0
JH_hazari_1971,Hazaribagh,2011,JH_hazari_1971_geometry,0.0
JH_simdeg_2011,Simdega,2011,JH_simdeg_2011_geometry,0.0
CG_gaurel_2024,Gaurela-Pendra-Marwahi,2024,CG_gaurel_2024_geometry,0.0
JK_punch_1971,Punch,1971,JK_punch_1971_geometry,0.0
AP_westgo_2011,West Godavari,2011,AP_westgo_2011_geometry,0.0
GJ_panchm_1951,Panch Mahals,1991,GJ_panchm_1951_geometry,0.0
UP_meerut_1951,Meerut,1991,UP_meerut_1951_geometry,0.0
UK_nainit_1971,Nainital,1981,UK_nainit_1971_geometry,0.0
MH_yavatma_1981,Yavatmal,1981,MH_yavatma_1981_geometry,0.0
DL_northw_2001,North West,2001,DL_northw_2001_geometry,0.0
DA_dadra_2001,Dadra and Nagar Haveli,2001,DA_dadra_2001_geometry,0.0
GA_northg_1991,North Goa,1991,GA_northg_1991_geometry,0.0
BR_shahab_1971,Shahabad,1971,BR_shahab_1971_geometry,0.0
OD_kalaha_1991,Kalahandi,1991,OD_kalaha_1991_geometry,0.0
WB_kolkat_1951,Calcutta,1991,WB_kolkat_1951_geometry,0.0
UP_baraba_1991,Bara Banki,1991,UP_baraba_1991_geometry,0.0
HR_guruga_1951,Gurgaon,2011,HR_guruga_1951_geometry,0.0
TG_vikara_2024,Vikarabad,2024,TG_vikara_2024_geometry,0.0
MZ_saitua_2024,Saitual,2024,MZ_saitua_2024_geometry,0.0
JH_giridi_1981,Giridih,1981,JH_giridi_1981_geometry,0.0
HR_sirsa_1981,Sirsa,1981,HR_sirsa_1981_geometry,0.0
DL_northw_2001,North West,2011,DL_northw_2001_geometry,0.0
GJ_kutch_1971,Kutch,1971,GJ_kutch_1971_geometry,0.0
AR_lowers_1981,Lower Subansiri,2001,AR_lowers_1981_geometry,0.0
HP_mahasu_1951,Mahasu,1951,HP_mahasu_1951_geometry,0.0
ML_ekhasi_1971,United Khasi and Jaintia Hills,1971,ML_ekhasi_1971_geometry,0.0
MH_parbha_1991,Parbhani,1991,MH_parbha_1991_geometry,0.0
TN_periya_1981,Periyar,1991,TN_periya_1981_geometry,0.0
OD_dhenka_1991,Dhenkanal,1991,OD_dhenka_1991_geometry,0.0
KA_bellar_2011,Bellary,2011,KA_bellar_2011_geometry,0.0
BR_bhojpu_1981,Bhojpur,1981,BR_bhojpu_1981_geometry,0.0
MH_thane_1971,Thane,2011,MH_thane_1971_geometry,0.0
JH_garhwa_2001,Garhwa,2001,JH_garhwa_2001_geometry,0.0
KA_mysuru_1991,Mysore,2011,KA_mysuru_1991_geometry,0.0
UP_banda_1991,Banda,1991,UP_banda_1991_geometry,0.0
RJ_jaipur_1951,Jaipur,1991,RJ_jaipur_1951_geometry,0.0
PB_firozp_1951,Firozpur,1971,PB_firozp_1951_geometry,0.0
KA_uttark_1951,Uttara Kannada,1991,KA_uttark_1951_geometry,0.0
JH_ranchi_1981,Ranchi,1981,JH_ranchi_1981_geometry,0.0
SK_east_2001,East,2011,SK_east_2001_geometry,0.0
JH_hazari_1971,Hazaribagh,1971,JH_hazari_1971_geometry,0.0
HP_kangra_1951,Kangra,1951,HP_kangra_1951_geometry,0.0
SK_northd_1981,North District,1981,SK_northd_1981_geometry,0.0
WB_medini_1951,Medinipur,1981,WB_medini_1951_geometry,0.0
HP_kinnau_1961,Kinnaur,1961,HP_kinnau_1961_geometry,0.0
HP_solan_1981,Solan,1981,HP_solan_1981_geometry,0.0
RJ_chitto_1951,Chittaurgarh,2001,RJ_chitto_1951_geometry,0.0
SK_eastdi_1981,East District,1991,SK_eastdi_1981_geometry,0.0
CH_ambala_1961,Ambala,1961,CH_ambala_1961_geometry,0.0
JK_udhamp_1961,Udhampur,2001,JK_udhamp_1961_geometry,0.0
OD_subarn_2011,Subarnapur,2011,OD_subarn_2011_geometry,0.0
UP_ambedk_2001,Ambedkar Nagar,2001,UP_ambedk_2001_geometry,0.0
MH_nashik_1981,Nashik,1981,MH_nashik_1981_geometry,0.0
AS_mikirh_1971,Mikir Hills,1971,AS_mikirh_1971_geometry,0.0
KA_bagalk_2001,Bagalkot,2001,KA_bagalk_2001_geometry,0.0
WB_puruli_1971,Puruliya,1981,WB_puruli_1971_geometry,0.0
WB_jhargr_2024,Jhargram,2024,WB_jhargr_2024_geometry,0.0
GJ_jamnag_1951,Jamnagar,2011,GJ_jamnag_1951_geometry,0.0
UK_almora_1951,Almora,1991,UK_almora_1951_geometry,0.0
MN_imphal_1991,Imphal West,2001,MN_imphal_1991_geometry,0.0
PB_jaland_1971,Jullundur,1971,PB_jaland_1971_geometry,0.0
GJ_navsar_2001,Navsari,2001,GJ_navsar_2001_geometry,0.0
UP_muzaff_2011,Muzaffarnagar,2011,UP_muzaff_2011_geometry,0.0
BR_samast_1981,Samastipur,1981,BR_samast_1981_geometry,0.0
MP_bhopal_1981,Bhopal,1981,MP_bhopal_1981_geometry,0.0
HR_ambala_1951,Ambala,1991,HR_ambala_1951_geometry,0.0
GJ_kheda_1961,Kheda,1971,GJ_kheda_1961_geometry,0.0
CG_bilasp_1991,Bilaspur,2011,CG_bilasp_1991_geometry,0.0
HP_kullu_1981,Kullu,1981,HP_kullu_1981_geometry,0.0
GJ_dohad_2001,Dohad,2001,GJ_dohad_2001_geometry,0.0
TG_nagark_2024,Nagarkurnool,2024,TG_nagark_2024_geometry,0.0
MP_mandsa_1991,Mandsaur,1991,MP_mandsa_1991_geometry,0.0
JK_rajaur_1971,Rajauri,1971,JK_rajaur_1971_geometry,0.0
TG_warang_1951,Warangal,2011,TG_warang_1951_geometry,0.0
MH_sholap_1971,Sholapur,1971,MH_sholap_1971_geometry,0.0
UP_meerut_1951,Meerut,1971,UP_meerut_1951_geometry,0.0
AS_goalpa_1981,Goalpara,1981,AS_goalpa_1981_geometry,0.0
KA_davana_2001,Davanagere,2001,KA_davana_2001_geometry,0.0
MH_greate_1991,Greater Bombay,1991,MH_greate_1991_geometry,0.0
NL_noklak_2024,Noklak,2024,NL_noklak_2024_geometry,0.0
MP_khandw_1961,East Nimar,2001,MP_khandw_1961_geometry,0.0
UK_udhams_2001,Udham Singh Nagar,2001,UK_udhams_2001_geometry,0.0
TN_tiruva_1991,Tiruvannamalai,2011,TN_tiruva_1991_geometry,0.0
WB_darjil_1971,Darjeeling,1971,WB_darjil_1971_geometry,0.0
MN_ukhrul_1991,Ukhrul,2011,MN_ukhrul_1991_geometry,0.0
SK_gyalsh_2024,Gyalshing,2024,SK_gyalsh_2024_geometry,0.0
RJ_pratap_2011,Pratapgarh,2011,RJ_pratap_2011_geometry,0.0
MP_narmad_1951,Narmadapuram,2024,MP_narmad_1951_geometry,0.0
AP_alluri_2024,Alluri Sitharama Raju,2024,AP_alluri_2024_geometry,0.0
CG_kanker_2001,Kanker,2001,CG_kanker_2001_geometry,0.0
KA_chikka_2011,Chikkamagaluru,2024,KA_chikka_2011_geometry,0.0
MP_katni_2001,Katni,2001,MP_katni_2001_geometry,0.0
MN_kangpo_2024,Kangpokpi,2024,MN_kangpo_2024_geometry,0.0
GJ_ahmeda_1961,Ahmedabad,1961,GJ_ahmeda_1961_geometry,0.0
TN_thanja_1951,Thanjavur,1991,TN_thanja_1951_geometry,0.0
OD_baudh_1951,Phulbani,1951,OD_baudh_1951_geometry,0.0
HR_nuh_2011,Nuh,2024,HR_nuh_2011_geometry,0.0
MP_niwari_2024,Niwari,2024,MP_niwari_2024_geometry,0.0
JK_pulwam_1981,Pulwama,1981,JK_pulwam_1981_geometry,0.0
TN_tiruch_1971,Tiruchchirappalli,2001,TN_tiruch_1971_geometry,0.0
WB_darjil_1971,Darjiling,1981,WB_darjil_1971_geometry,0.0
SK_north_2001,North,2001,SK_north_2001_geometry,0.0
MZ_mizora_1951,Mizo Hills,1961,MZ_mizora_1951_geometry,0.0
TN_thanja_1951,Thanjavur,1961,TN_thanja_1951_geometry,0.0
MN_churac_1991,Churachandpur,1991,MN_churac_1991_geometry,0.0
AS_westka_2024,West Karbi Anglong,2024,AS_westka_2024_geometry,0.0
MH_kolaba_1971,Kolaba,1971,MH_kolaba_1971_geometry,0.0
WB_malda_1971,Malda,1971,WB_malda_1971_geometry,0.0
PB_bhatin_1951,Bathinda,1981,PB_bhatin_1951_geometry,0.0
CG_sukma_2024,Sukma,2024,CG_sukma_2024_geometry,0.0
NL_wokha_1981,Wokha,1981,NL_wokha_1981_geometry,0.0
MZ_hnathi_2024,Hnathial,2024,MZ_hnathi_2024_geometry,0.0
SK_north_2001,North,2011,SK_north_2001_geometry,0.0
HR_karnal_1951,Karnal,1971,HR_karnal_1951_geometry,0.0
TG_warang_1951,Warangal Rural,2024,TG_warang_1951_geometry,0.0
MH_dharas_1981,Osmanabad,1981,MH_dharas_1981_geometry,0.0
HR_fateha_2001,Fatehabad,2001,HR_fateha_2001_geometry,0.0
HR_sonipa_1981,Sonipat,1981,HR_sonipa_1981_geometry,0.0
JK_srinag_1961,Srinagar,1971,JK_srinag_1961_geometry,0.0
HR_karnal_1951,Karnal,1981,HR_karnal_1951_geometry,0.0
GJ_gandhi_1971,Gandhinagar,1971,GJ_gandhi_1971_geometry,0.0
BR_pashch_1981,Pashchim Champaran,1981,BR_pashch_1981_geometry,0.0
NL_tuensa_1951,Tuensang,1951,NL_tuensa_1951_geometry,0.0
TN_theni_2001,Theni,2001,TN_theni_2001_geometry,0.0
PB_patial_1951,Patiala,2001,PB_patial_1951_geometry,0.0
KL_kannur_1961,Cannanore,1971,KL_kannur_1961_geometry,0.0
KL_thiruv_1951,Trivandrum,1981,KL_thiruv_1951_geometry,0.0
UP_varana_1951,Varanasi,1961,UP_varana_1951_geometry,0.0
PB_jaland_1971,Jalandhar,1991,PB_jaland_1971_geometry,0.0
UK_chamol_1961,Chamoli,1961,UK_chamol_1961_geometry,0.0
HP_una_1981,Una,1981,HP_una_1981_geometry,0.0
WB_maldah_1981,Maldah,1981,WB_maldah_1981_geometry,0.0
NC_north_2001,North,2001,NC_north_2001_geometry,0.0
MH_jalna_1991,Jalna,1991,MH_jalna_1991_geometry,0.0
TN_salem_1961,Salem,1991,TN_salem_1961_geometry,0.0
AS_barpet_1991,Barpeta,2001,AS_barpet_1991_geometry,0.0
KA_udupi_2001,Udupi,2001,KA_udupi_2001_geometry,0.0
AS_sivasa_1981,Sibsagar,1981,AS_sivasa_1981_geometry,0.0
AR_kurung_2011,Kurung Kumey,2011,AR_kurung_2011_geometry,0.0
AS_majuli_2024,Majuli,2024,AS_majuli_2024_geometry,0.0
RJ_udaipu_1951,Udaipur,1991,RJ_udaipu_1951_geometry,0.0
TG_warang_1951,Warangal Urban (Hanamkonda),2024,TG_warang_1951_geometry,0.0
ML_westkh_1981,West Khasi Hills,2011,ML_westkh_1981_geometry,0.0
MH_washim_2001,Washim,2001,MH_washim_2001_geometry,0.0
GJ_narmad_2001,Narmada,2001,GJ_narmad_2001_geometry,0.0
CG_bastar_1991,Bastar,1991,CG_bastar_1991_geometry,0.0
JH_ramgar_2011,Ramgarh,2011,JH_ramgar_2011_geometry,0.0
HR_panipa_1991,Panipat,1991,HR_panipa_1991_geometry,0.0
GJ_mahesa_1961,Mahesana,1991,GJ_mahesa_1961_geometry,0.0
CG_balram_2024,Balrampur,2024,CG_balram_2024_geometry,0.0
HR_ambala_1951,Ambala,1981,HR_ambala_1951_geometry,0.0
OD_nuapad_2001,Nuapada,2001,OD_nuapad_2001_geometry,0.0
RJ_sawaim_1951,Swai Madhopur,1951,RJ_sawaim_1951_geometry,0.0
UP_mahraj_2011,Mahrajganj,2011,UP_mahraj_2011_geometry,0.0
TR_westtr_1971,West Tripura,1971,TR_westtr_1971_geometry,0.0
MP_khargo_1961,Khargone,1971,MP_khargo_1961_geometry,0.0
AS_jorhat_1991,Jorhat,2011,AS_jorhat_1991_geometry,0.0
AS_biswan_2024,Biswanath,2024,AS_biswan_2024_geometry,0.0
GJ_surend_1961,Surendranagar,2011,GJ_surend_1961_geometry,0.0
WB_puruli_1971,Purulia,1971,WB_puruli_1971_geometry,0.0
RJ_hanuma_2001,Hanumangarh,2001,RJ_hanuma_2001_geometry,0.0
MH_dhule_1951,Dhulia,1961,MH_dhule_1951_geometry,0.0
KL_ernaku_1961,Ernakulam,1971,KL_ernaku_1961_geometry,0.0
AR_siang_1971,Siang,2024,AR_siang_1971_geometry,0.0
AS_lakhim_1971,Lakhimpur,1971,AS_lakhim_1971_geometry,0.0
TN_chenna_1991,Madras,1991,TN_chenna_1991_geometry,0.0
GJ_zalawa_1951,Zalawad,1951,GJ_zalawa_1951_geometry,0.0
MP_narmad_1951,Hoshangabad,2011,MP_narmad_1951_geometry,0.0
RJ_rajsam_2001,Rajsamand,2001,RJ_rajsam_2001_geometry,0.0
UP_basti_1981,Basti,1981,UP_basti_1981_geometry,0.0
JH_hazari_1971,Hazaribag,2001,JH_hazari_1971_geometry,0.0
TN_madura_1951,Madurai,1981,TN_madura_1951_geometry,0.0
UP_chanda_2001,Chandauli,2001,UP_chanda_2001_geometry,0.0
RJ_chitto_1951,Chitorgarh,1961,RJ_chitto_1951_geometry,0.0
TN_tirune_1981,Tirunelveli,1981,TN_tirune_1981_geometry,0.0
PB_barnal_1951,Barnala,2011,PB_barnal_1951_geometry,0.0
MH_aurang_1981,Aurangabad,2011,MH_aurang_1981_geometry,0.0
MH_yavatman_1971,Yeotmal,1971,MH_yavatman_1971_geometry,0.0
AR_balipa_1951,Balipara Frontier Tract,1951,AR_balipa_1951_geometry,0.0
AN_andama_1971,Andamans,1991,AN_andama_1971_geometry,0.0
MZ_mamit_2001,Mamit,2001,MZ_mamit_2001_geometry,0.0
GJ_mahesa_1961,Mahesana,1971,GJ_mahesa_1961_geometry,0.0
TN_periya_1981,Periyar,1981,TN_periya_1981_geometry,0.0
PB_fatehg_1951,Fatehgarh Sahib,2001,PB_fatehg_1951_geometry,0.0
HR_guruga_1951,Gurugram,2024,HR_guruga_1951_geometry,0.0
KA_shivam_2011,Shivamogga,2024,KA_shivam_2011_geometry,0.0
HP_kangra_1951,Kangra,1971,HP_kangra_1951_geometry,0.0
DL_northe_2001,North East,2011,DL_northe_2001_geometry,0.0
HR_panchk_2001,Panchkula,2001,HR_panchk_2001_geometry,0.0
KA_dakshi_1971,Dakshina Kannada,1991,KA_dakshi_1971_geometry,0.0
GJ_kheda_1961,Kaira,1961,GJ_kheda_1961_geometry,0.0
ML_southw_2024,South West Khasi Hills,2024,ML_southw_2024_geometry,0.0
MP_khargo_1961,Khargone (West Nimar),2011,MP_khargo_1961_geometry,0.0
TG_naraya_2024,Narayanpet,2024,TG_naraya_2024_geometry,0.0
MH_latur_1991,Latur,1991,MH_latur_1991_geometry,0.0
JH_dhanba_1991,Dhanbad,1991,JH_dhanba_1991_geometry,0.0
GJ_sabark_1961,Sabar Kantha,2011,GJ_sabark_1961_geometry,0.0
UP_varana_1951,Varanasi,1991,UP_varana_1951_geometry,0.0
AR_kameng_1961,Kameng,1971,AR_kameng_1961_geometry,0.0
TG_nirmal_2024,Nirmal,2024,TG_nirmal_2024_geometry,0.0
TN_vellor_2001,Vellore,2001,TN_vellor_2001_geometry,0.0
AP_guntur_1951,Guntur,2011,AP_guntur_1951_geometry,0.0
PB_tarnta_2011,Tarn Taran,2011,PB_tarnta_2011_geometry,0.0
MN_noney_2024,Noney,2024,MN_noney_2024_geometry,0.0
DL_east_2001,East,2001,DL_east_2001_geometry,0.0
GJ_rajkot_1961,Rajkot,1961,GJ_rajkot_1961_geometry,0.0
UP_lalitp_1981,Lalitpur,1981,UP_lalitp_1981_geometry,0.0
PB_jaland_1971,Jalandhar,1981,PB_jaland_1971_geometry,0.0
MN_manipu_1951,Manipur South,1971,MN_manipu_1951_geometry,0.0
MH_ratnag_1981,Ratnagiri,1981,MH_ratnag_1981_geometry,0.0
KA_chitra_1951,Chitradurga,1961,KA_chitra_1951_geometry,0.0
HR_hisar_1951,Hissar,1961,HR_hisar_1951_geometry,0.0
UP_ghazia_1981,Ghaziabad,2011,UP_ghazia_1981_geometry,0.0
KA_gulbar_2001,Gulbarga,2001,KA_gulbar_2001_geometry,0.0
PB_gurdas_1951,Gurdaspur,2011,PB_gurdas_1951_geometry,0.0
CG_janjgi_2001,Janjgir-Champa,2001,CG_janjgi_2001_geometry,0.0
TG_jangao_2024,Jangaon,2024,TG_jangao_2024_geometry,0.0
OD_bolang_1971,Bolangir,1971,OD_bolang_1971_geometry,0.0
GJ_mahisa_2024,Mahisagar,2024,GJ_mahisa_2024_geometry,0.0
GJ_surend_1961,Surendranagar,1961,GJ_surend_1961_geometry,0.0
RJ_bharat_1981,Bharatpur,1981,RJ_bharat_1981_geometry,0.0
MP_sheopu_2001,Sheopur,2001,MP_sheopu_2001_geometry,0.0
MP_singra_2011,Singrauli,2011,MP_singra_2011_geometry,0.0
AS_dhemaj_1991,Dhemaji,1991,AS_dhemaj_1991_geometry,0.0
GJ_junaga_1951,Sorath,1951,GJ_junaga_1951_geometry,0.0
GJ_banask_1961,Banaskantha,1961,GJ_banask_1961_geometry,0.0
NC_newdel_2001,New Delhi,2001,NC_newdel_2001_geometry,0.0
GJ_kheda_1961,Kheda,1991,GJ_kheda_1961_geometry,0.0
TN_tiruch_1971,Tiruchirapalli,1971,TN_tiruch_1971_geometry,0.0
RJ_gangan_1991,Ganganagar,1991,RJ_gangan_1991_geometry,0.0
ML_jainti_1981,Jaintia Hills,2011,ML_jainti_1981_geometry,0.0
MP_morena_1991,Morena,1991,MP_morena_1991_geometry,0.0
KA_bellar_2011,Ballari,2024,KA_bellar_2011_geometry,0.0
HP_lahuls_2011,Lahul & Spiti,2011,HP_lahuls_2011_geometry,0.0
AS_souths_2024,South Salmara-Mankachar,2024,AS_souths_2024_geometry,0.0
ML_eastga_1981,East Garo Hills,2011,ML_eastga_1981_geometry,0.0
GJ_sabark_1961,Sabarkantha,1961,GJ_sabark_1961_geometry,0.0
CG_rajnan_1981,Rajnandgaon,2001,CG_rajnan_1981_geometry,0.0
AS_golagh_1991,Golaghat,1991,AS_golagh_1991_geometry,0.0
MH_nasik_1971,Nasik,1971,MH_nasik_1971_geometry,0.0
MN_imphal_1991,Imphal,1991,MN_imphal_1991_geometry,0.0
MP_jabalp_1991,Jabalpur,1991,MP_jabalp_1991_geometry,0.0
AS_united_1961,United Mikir and North Cachar Hills,1961,AS_united_1961_geometry,0.0
AP_vizian_1981,Vizianagaram,2011,AP_vizian_1981_geometry,0.0
AS_sonitp_1991,Sonitpur,1991,AS_sonitp_1991_geometry,0.0
MP_narmad_1951,Hoshangabad,1951,MP_narmad_1951_geometry,0.0
MZ_mizora_1951,Lushai Hills,1951,MZ_mizora_1951_geometry,0.0
MP_umaria_2001,Umaria,2001,MP_umaria_2001_geometry,0.0
GJ_ahmeda_1961,Ahmadabad,2011,GJ_ahmeda_1961_geometry,0.0
WB_dakshi_1991,Dakshin Dinajpur,2001,WB_dakshi_1991_geometry,0.0
NL_tuensa_1951,Tuensang,2011,NL_tuensa_1951_geometry,0.0
GJ_jamnag_1951,Halar,1951,GJ_jamnag_1951_geometry,0.0
KA_uttark_1951,Kanara,1951,KA_uttark_1951_geometry,0.0
JH_ranchi_1981,Ranchi,2001,JH_ranchi_1981_geometry,0.0
AN_nicoba_1981,Nicobar,1981,AN_nicoba_1981_geometry,0.0
JH_palamu_1971,Palamu,2001,JH_palamu_1971_geometry,0.0
CG_kaward_2001,Kawardha,2001,CG_kaward_2001_geometry,0.0
MP_khandw_1961,East Nimar,1981,MP_khandw_1961_geometry,0.0
MP_nimar_1951,Nimar,1951,MP_nimar_1951_geometry,0.0
AR_westsi_1981,West Siang,2011,AR_westsi_1981_geometry,0.0
AS_baksa_2011,Baksa,2011,AS_baksa_2011_geometry,0.0
AS_nalbar_1991,Nalbari,1991,AS_nalbar_1991_geometry,0.0
UP_ayodhy_1991,Faizabad,1991,UP_ayodhy_1991_geometry,0.0
WB_medini_1951,Midnapore,1971,WB_medini_1951_geometry,0.0
KA_gulbar_2001,Gulbarga,2011,KA_gulbar_2001_geometry,0.0
KL_alappu_1961,Alappuzha,1991,KL_alappu_1961_geometry,0.0
AS_barpet_1991,Barpeta,2011,AS_barpet_1991_geometry,0.0
UP_allaha_1951,Allahabad,2011,UP_allaha_1951_geometry,0.0
AR_papump_2001,Papum Pare,2001,AR_papump_2001_geometry,0.0
OD_cuttac_1991,Cuttack,1991,OD_cuttac_1991_geometry,0.0
JK_gander_2011,Ganderbal,2011,JK_gander_2011_geometry,0.0
MH_mumbai_1951,Mumbai,2001,MH_mumbai_1951_geometry,0.0
AP_srikak_1971,Srikakulam,2011,AP_srikak_1971_geometry,0.0
MZ_lawngt_2001,Lawngtlai,2001,MZ_lawngt_2001_geometry,0.0
TR_dhalai_2001,Dhalai,2001,TR_dhalai_2001_geometry,0.0
MH_sambha_2024,Sambhaji Nagar,2024,MH_sambha_2024_geometry,0.0
WB_kolkat_1951,Kolkata,2001,WB_kolkat_1951_geometry,0.0
MP_sidhi_2001,Sidhi,2001,MP_sidhi_2001_geometry,0.0
CH_chandi_1971,Chandigarh,1971,CH_chandi_1971_geometry,0.0
AS_sivasa_1981,Sibsagar,2001,AS_sivasa_1981_geometry,0.0
NC_west_2001,West,2001,NC_west_2001_geometry,0.0
KL_kollam_1951,Kollam,1991,KL_kollam_1951_geometry,0.0
MH_bhanda_1991,Bhandara,1991,MH_bhanda_1991_geometry,0.0
GJ_anand_2001,Anand,2001,GJ_anand_2001_geometry,0.0
OD_kandha_2001,Kandhamal,2001,OD_kandha_2001_geometry,0.0
NL_kohima_1951,Naga Hills,1951,NL_kohima_1951_geometry,0.0
MN_ukhrul_1991,Ukhrul,1991,MN_ukhrul_1991_geometry,0.0
AS_bajali_2024,Bajali,2024,AS_bajali_2024_geometry,0.0
UP_mahoba_2001,Mahoba,2001,UP_mahoba_2001_geometry,0.0
AR_aborhi_1951,Abor Hills,1951,AR_aborhi_1951_geometry,0.0
UP_agra_1981,Agra,1981,UP_agra_1981_geometry,0.0
GJ_dangs_1961,Dangs,1961,GJ_dangs_1961_geometry,0.0
AR_eastsi_1981,East Siang,1991,AR_eastsi_1981_geometry,0.0
KA_chitra_1951,Chitradurga,1991,KA_chitra_1951_geometry,0.0
JH_chatra_2001,Chatra,2001,JH_chatra_2001_geometry,0.0
JK_jammu_1961,Jammu,2001,JK_jammu_1961_geometry,0.0
GJ_panchm_1951,Panch Mahals,1951,GJ_panchm_1951_geometry,0.0
AR_uppers_1981,Upper Subansiri,1981,AR_uppers_1981_geometry,0.0
KA_chitra_1951,Chitaldrug,1951,KA_chitra_1951_geometry,0.0
PB_ropar_1971,Ropar,1971,PB_ropar_1971_geometry,0.0
KL_kannur_1961,Cannanore,1961,KL_kannur_1961_geometry,0.0
TN_madura_1951,Madurai,1991,TN_madura_1951_geometry,0.0
MP_chhind_1951,Chhindwara,1951,MP_chhind_1951_geometry,0.0
GJ_panchm_1951,Panch Mahals,1971,GJ_panchm_1951_geometry,0.0
JH_deogha_1991,Deoghar,1991,JH_deogha_1991_geometry,0.0
SK_eastdi_1981,East District,1981,SK_eastdi_1981_geometry,0.0
HR_mahend_1951,Mohindergarh,1951,HR_mahend_1951_geometry,0.0
MH_satara_1951,Satara North,1951,MH_satara_1951_geometry,0.0
TN_nilgir_1951,Nilgiri,1991,TN_nilgir_1951_geometry,0.0
JH_gumla_1991,Gumla,1991,JH_gumla_1991_geometry,0.0
KL_kottay_1951,Kottayam,1951,KL_kottay_1951_geometry,0.0
BR_bhagal_1991,Bhagalpur,1991,BR_bhagal_1991_geometry,0.0
NC_east_2001,East,2001,NC_east_2001_geometry,0.0
ML_easter_2024,Eastern West Khasi Hills,2024,ML_easter_2024_geometry,0.0
AR_lowers_1981,Lower Subansiri,1991,AR_lowers_1981_geometry,0.0
TG_medak_2011,Medak,2011,TG_medak_2011_geometry,0.0
TN_ariyal_2011,Ariyalur,2011,TN_ariyal_2011_geometry,0.0
AP_srikak_1971,Srikakulam,1971,AP_srikak_1971_geometry,0.0
BR_purnia_1981,Purnia,1981,BR_purnia_1981_geometry,0.0
UP_kausha_2001,Kaushambi,2001,UP_kausha_2001_geometry,0.0
CG_raipur_1991,Raipur,2011,CG_raipur_1991_geometry,0.0
RJ_chitto_1951,Chittorgarh,1951,RJ_chitto_1951_geometry,0.0
TN_dindig_1991,Dindigul,2001,TN_dindig_1991_geometry,0.0
SK_south_2001,South,2001,SK_south_2001_geometry,0.0
UP_farruk_1991,Farrukhabad,1991,UP_farruk_1991_geometry,0.0
RJ_sawaim_1951,Sawai Madhopur,1991,RJ_sawaim_1951_geometry,0.0
AR_siangf_1961,Siang Frontier Division,1961,AR_siangf_1961_geometry,0.0
JH_saraik_2011,Saraikela-kharsawan,2011,JH_saraik_2011_geometry,0.0
SK_namchi_2024,Namchi,2024,SK_namchi_2024_geometry,0.0
JK_doda_1961,Doda,2001,JK_doda_1961_geometry,0.0
HP_lahula_1971,Lahul and Spiti,2001,HP_lahula_1971_geometry,0.0
GJ_porban_2001,Porbandar,2001,GJ_porban_2001_geometry,0.0
MP_shahdo_1991,Shahdol,2001,MP_shahdo_1991_geometry,0.0
TG_warang_1951,Warangal,1951,TG_warang_1951_geometry,0.0
NL_kohima_1951,Kohima,1961,NL_kohima_1951_geometry,0.0
KA_dakshi_1971,Dakshin Kannad,1981,KA_dakshi_1971_geometry,0.0
SK_sikkim_1971,Sikkim,1971,SK_sikkim_1971_geometry,0.0
OD_ganjam_1991,Ganjam,1991,OD_ganjam_1991_geometry,0.0
PB_patial_1951,Patiala,1991,PB_patial_1951_geometry,0.0
MP_narmad_1951,Hoshangabad,1991,MP_narmad_1951_geometry,0.0
UP_shrawa_2001,Shrawasti,2001,UP_shrawa_2001_geometry,0.0
MP_seoni_1961,Seoni,1961,MP_seoni_1961_geometry,0.0
KL_kasarg_1991,Kasargod,1991,KL_kasarg_1991_geometry,0.0
KL_ernaku_1961,Ernakulam,1961,KL_ernaku_1961_geometry,0.0
AS_kamrup_1981,Kamrup Metropolitan,2011,AS_kamrup_1981_geometry,0.0
AP_bapatl_2024,Bapatla,2024,AP_bapatl_2024_geometry,0.0
DL_east_2001,East,2011,DL_east_2001_geometry,0.0
UP_amroha_2001,Jyotiba Phule Nagar,2001,UP_amroha_2001_geometry,0.0
RJ_karaul_2001,Karauli,2001,RJ_karaul_2001_geometry,0.0
SK_west_2001,West,2001,SK_west_2001_geometry,0.0
TN_chenna_1991,Chennai,2001,TN_chenna_1991_geometry,0.0
JH_santha_1971,Santhal Pargana,1981,JH_santha_1971_geometry,0.0
GJ_junaga_1951,Junagadh,1991,GJ_junaga_1951_geometry,0.0
UK_almora_1951,Almora,1951,UK_almora_1951_geometry,0.0
TN_chidam_1991,Chidambaranar,1991,TN_chidam_1991_geometry,0.0
KA_dakshi_1971,South Kanara,1971,KA_dakshi_1971_geometry,0.0
CG_durg_1971,Durg,1971,CG_durg_1971_geometry,0.0
HR_bhiwan_1981,Bhiwani,2011,HR_bhiwan_1981_geometry,0.0
JH_godda_1991,Godda,1991,JH_godda_1991_geometry,0.0
WB_medini_1951,Midnapore,1961,WB_medini_1951_geometry,0.0
MN_senapa_1991,Senapati,2011,MN_senapa_1991_geometry,0.0
MH_chandr_1961,Chandrapur,1971,MH_chandr_1961_geometry,0.0
MN_jiriba_2024,Jiribam,2024,MN_jiriba_2024_geometry,0.0
MH_satara_1951,Satara,1961,MH_satara_1951_geometry,0.0
MP_burhan_2011,Burhanpur,2011,MP_burhan_2011_geometry,0.0
MP_sehore_1971,Sehore,1971,MP_sehore_1971_geometry,0.0
SK_westdi_1981,West District,1991,SK_westdi_1981_geometry,0.0
TG_kamare_2024,Kamareddy,2024,TG_kamare_2024_geometry,0.0
KA_bangal_1981,Bangalore Rural,1991,KA_bangal_1981_geometry,0.0
KA_kodagu_1971,Coorg,1971,KA_kodagu_1971_geometry,0.0
KA_kalabu_2024,Kalaburagi,2024,KA_kalabu_2024_geometry,0.0
GJ_valsad_1971,Valsad,1991,GJ_valsad_1971_geometry,0.0
UK_hardwa_1991,Hardwar,1991,UK_hardwa_1991_geometry,0.0
AR_pakkek_2024,Pakke-Kesang,2024,AR_pakkek_2024_geometry,0.0
OD_kenduj_1981,Kendujhar,1981,OD_kenduj_1981_geometry,0.0
MH_ahmedn_1951,Ahmednagar,1971,MH_ahmedn_1951_geometry,0.0
SK_south_2001,South,2011,SK_south_2001_geometry,0.0
OD_keonjh_1971,Keonjhar,1971,OD_keonjh_1971_geometry,0.0
MH_chandr_1961,Chandrapur,1981,MH_chandr_1961_geometry,0.0
UP_siddha_1991,Siddharthnagar,1991,UP_siddha_1991_geometry,0.0
TG_sangar_2024,Sangareddy,2024,TG_sangar_2024_geometry,0.0
MH_dhule_1951,Dhule,1991,MH_dhule_1951_geometry,0.0
MH_jalgao_1951,East Khandesh,1951,MH_jalgao_1951_geometry,0.0
MN_tengno_1951,Chandel,1991,MN_tengno_1951_geometry,0.0
AR_mishmi_1951,Mishmi Hills,1951,AR_mishmi_1951_geometry,0.0
AP_visakh_1961,Visakhapatnam,2011,AP_visakh_1961_geometry,0.0
UK_uttark_1961,Uttarkashi,1981,UK_uttark_1961_geometry,0.0
DL_south_2001,South,2011,DL_south_2001_geometry,0.0
MP_sagar_1951,Sagar,1951,MP_sagar_1951_geometry,0.0
JK_ladakh_1961,Ladakh,1991,JK_ladakh_1961_geometry,0.0
UP_mirzap_1981,Mirzapur,1981,UP_mirzap_1981_geometry,0.0
OD_baudh_1951,Baudh Khondmals,1971,OD_baudh_1951_geometry,0.0
BR_jehana_1991,Jehanabad,2001,BR_jehana_1991_geometry,0.0
HR_kuruks_1981,Kurukshetra,1981,HR_kuruks_1981_geometry,0.0
HR_rohtak_1951,Rohtak,1991,HR_rohtak_1951_geometry,0.0
PB_faridk_1981,Faridkot,1991,PB_faridk_1981_geometry,0.0
HR_guruga_1951,Gurgaon,2001,HR_guruga_1951_geometry,0.0
SK_gangto_2024,Gangtok,2024,SK_gangto_2024_geometry,0.0
AS_bongai_1991,Bongaigaon,2001,AS_bongai_1991_geometry,0.0
WB_northt_1991,North Twenty Four Parganas,1991,WB_northt_1991_geometry,0.0
TR_gomati_2024,Gomati,2024,TR_gomati_2024_geometry,0.0
PB_firozp_1951,Ferozepur,1961,PB_firozp_1951_geometry,0.0
BR_kaimur_2001,Kaimur (Bhabua),2001,BR_kaimur_2001_geometry,0.0
MH_dharas_1981,Osmanabad,2011,MH_dharas_1981_geometry,0.0
MH_satara_1951,Satara South,1951,MH_satara_1951_geometry,0.0
KL_malapp_1951,Malappuram,1971,KL_malapp_1951_geometry,0.0
GJ_junaga_1951,Junagadh,2011,GJ_junaga_1951_geometry,0.0
MP_gwalio_1961,Gwalior,1961,MP_gwalio_1961_geometry,0.0
TG_nalgon_2011,Nalgonda,2011,TG_nalgon_2011_geometry,0.0
MH_gondia_2001,Gondiya,2001,MH_gondia_2001_geometry,0.0
JH_khunti_2011,Khunti,2011,JH_khunti_2011_geometry,0.0
TN_krishn_2011,Krishnagiri,2011,TN_krishn_2011_geometry,0.0
TN_tirune_1981,Tirunelveli Kattabomman,1991,TN_tirune_1981_geometry,0.0
TN_tiruva_1991,Tiruvanamalai,2001,TN_tiruva_1991_geometry,0.0
MN_thouba_1991,Thoubal,1991,MN_thouba_1991_geometry,0.0
KL_kollam_1951,Quilon,1981,KL_kollam_1951_geometry,0.0
TN_narcot_1981,North Arcot Ambedkar,1991,TN_narcot_1981_geometry,0.0
MP_bhilsa_1951,Bhilsa,1951,MP_bhilsa_1951_geometry,0.0
HR_bhiwan_1981,Bhiwani,1981,HR_bhiwan_1981_geometry,0.0
TG_wanapa_2024,Wanaparthy,2024,TG_wanapa_2024_geometry,0.0
MH_buldan_1951,Buldhana,1961,MH_buldan_1951_geometry,0.0
AN_nicoba_1981,Nicobars,2001,AN_nicoba_1981_geometry,0.0
BR_darbha_1971,Darbhanga,1971,BR_darbha_1971_geometry,0.0
KL_thiruv_1951,Thiruvananthapuram,1991,KL_thiruv_1951_geometry,0.0
AP_sripot_1971,Nellore,2001,AP_sripot_1971_geometry,0.0
TN_virudh_2001,Virudhunagar,2001,TN_virudh_2001_geometry,0.0
KA_kodagu_1971,Kodagu,1981,KA_kodagu_1971_geometry,0.0
BR_katiha_1981,Katihar,1981,BR_katiha_1981_geometry,0.0
TN_karur_2001,Karur,2001,TN_karur_2001_geometry,0.0
